Part Type,Material,INSERT,Size,Brand,Length,Fitting Type,Detail,Product/Service Name,Type,Category,SKU,Price,Cost,Income Account,Sales Description
,,,,,,,,,,,,,,,
Backflow,,,"1.5""",Febco,,,,"Backflow - 1.5"" - Febco",PHYSICAL,Irrigation Parts,,2464.57,,Cost of Goods Sold,"1.5"" FEBCO Angle Reduced Pressure Assembly"
Backflow,,,"1""",Febco,,,,"Backflow - 1"" - Febco",PHYSICAL,Irrigation Parts,,595,,Cost of Goods Sold,
Backflow,,,".75""",Febco,,,,"Backflow - .75"" - Febco",PHYSICAL,Irrigation Parts,,905.84,,Cost of Goods Sold,"EBON reduced pressure assembly 3/4"" backlog"
Backflow,,,"1""",EBON,,,Pressure Vacuum Breaker,"Backflow - 1"" - EBON - Pressure Vacuum Breaker",PHYSICAL,Irrigation Parts,,348,,Cost of Goods Sold,"EBON Pressure Vacuum Breaker 1"""
Backflow,,,".75""",EBON,,,,"Backflow - .75"" - EBON",PHYSICAL,Irrigation Parts,,301.66,,Cost of Goods Sold,"EBON Pressure Vacuum Breaker 3/4"""
Backflow,,,".75""",Wilkins,,,720A,"Backflow - .75"" - Wilkins - 720A",PHYSICAL,Irrigation Parts,,532.99,,Cost of Goods Sold,"Wilkinson 720a 3/4"" Backlog"
Bushing,PVC,,"4""",,,,"2"" x 1""","Bushing - PVC - 4"" - 2"" x 1""",PHYSICAL,Irrigation Parts,,14.95,,Cost of Goods Sold,"SCHEDULE 40 PVC BUSHING 2""x1"""
Bushing,PVC,,"4""",,,,"4"" x 2""","Bushing - PVC - 4"" - 4"" x 2""",PHYSICAL,Irrigation Parts,,48.95,,Cost of Goods Sold,"SCHEDULE 40 PVC BUSHING 4""x2"""
Bushing,PVC,,"1""",,,,,"Bushing - PVC - 1""",PHYSICAL,Irrigation Parts,,8.86,,Cost of Goods Sold,"PVC Bushing 2' x 1"""
Bushing,PVC,,"1.5""",,,,,"Bushing - PVC - 1.5""",PHYSICAL,Irrigation Parts,,9,,Cost of Goods Sold,"PVC Bushing 1.5"""
Bushing,PVC,,"2.5""",,,,,"Bushing - PVC - 2.5""",PHYSICAL,Irrigation Parts,,12,,Cost of Goods Sold,"PVC Bushing 2.5"""
Controller,,,,,,,,Controller,PHYSICAL,Irrigation Parts,,406.8,,Cost of Goods Sold,Controller 12 Station
Controller,,,,LEIT,,,16 Station Solar,Controller - LEIT - 16 Station Solar,PHYSICAL,Irrigation Parts,,2432.19,,Cost of Goods Sold,Controller 16 Station Solar Powered (LEIT)
Controller,,,,Hunter,,,1 Station,Controller - Hunter - 1 Station,PHYSICAL,Irrigation Parts,,315,,Cost of Goods Sold,Controller 1 Station Battery (Hunter)
Controller,,,,LEIT,,,24 Station Solar,Controller - LEIT - 24 Station Solar,PHYSICAL,Irrigation Parts,,2926.675,,Cost of Goods Sold,Controller 24 Station Solar Powered (LEIT)
Controller,,,,Hunter,,,2 Station,Controller - Hunter - 2 Station,PHYSICAL,Irrigation Parts,,423,,Cost of Goods Sold,Controller 2-Station Node (Hunter)
Controller,,,,Hunter,,,4 Station Battery,Controller - Hunter - 4 Station Battery,PHYSICAL,Irrigation Parts,,513.025,,Cost of Goods Sold,Controller 4-Station Battery (Hunter)
Controller,,,,,,,,Controller,PHYSICAL,Irrigation Parts,,338.75,,Cost of Goods Sold,"Controller 4 Station Base Modular, Outdoor"
Controller,,,,Hunter,,,Pro-AC - 4 Station Outdoor ,Controller - Hunter - Pro-AC - 4 Station Outdoor ,PHYSICAL,Irrigation Parts,,330,,Cost of Goods Sold,Controller 4 Station Pro-AC Outdoor Base Unit (Hunter)
Controller,,,,Hunter,,,8 Station,Controller - Hunter - 8 Station,PHYSICAL,Irrigation Parts,,426.6,,Cost of Goods Sold,Controller 8 Station (Hunter)
Controller,,,,Hunter,,,Pro-AC - 9 Station Module,Controller - Hunter - Pro-AC - 9 Station Module,PHYSICAL,Irrigation Parts,,330,,Cost of Goods Sold,Controller 9 Station Module for Pro-AC
Controller,,,,Hunter,,,i-Core,Controller - Hunter - i-Core,PHYSICAL,Irrigation Parts,,1144.5,,Cost of Goods Sold,i-Core Irrigation Controller
Controller,,,,Hunter,,,i-Core - 6 Station - Metal,Controller - Hunter - i-Core - 6 Station - Metal,PHYSICAL,Irrigation Parts,,3022.2,,Cost of Goods Sold,"Controller 6 Station i-Core Base, Stainless"
Controller,,,,Ranier,,,,Controller - Ranier,PHYSICAL,Irrigation Parts,,358.85,,Cost of Goods Sold,Controller (Ranier)
Controller,,,,,,,,Controller,PHYSICAL,Irrigation Parts,,459,,Cost of Goods Sold,Controller 1 Station Wireless Module
Controller,,,,Hunter,,,IC-600 - Metal Case,Controller - Hunter - IC-600 - Metal Case,PHYSICAL,Irrigation Parts,,1595,,Cost of Goods Sold,
Controller,,,,Hunter,,,i-Core,Controller - Hunter - i-Core,PHYSICAL,Irrigation Parts,,1595,,Cost of Goods Sold,
Controller,,,,Hunter,,,ICC-2 - 8 Station - Plastic,Controller - Hunter - ICC-2 - 8 Station - Plastic,PHYSICAL,Irrigation Parts,,549.95,,Cost of Goods Sold,Hunter ICC2 Controller - includes on 8 station module - Plastic box
Controller,,,,Hunter,,,ICC-2 - 8 Station - Metal Case,Controller - Hunter - ICC-2 - 8 Station - Metal Case,PHYSICAL,Irrigation Parts,,895,,Cost of Goods Sold,
Controller,,,,Hunter,,,X-Core - 6 station,Controller - Hunter - X-Core - 6 station,PHYSICAL,Irrigation Parts,,245.95,,Cost of Goods Sold,Hunter X-Core Controller (6) Station
Controller,,,,Rainbird,,,ESP LXME - 12 station,Controller - Rainbird - ESP LXME - 12 station,PHYSICAL,Irrigation Parts,,995,,Cost of Goods Sold,Rainbird ESP LXME Controller
Decoder,,,,Hunter,,,ACC,Decoder - Hunter - ACC,PHYSICAL,Irrigation Parts,,264.83,,Cost of Goods Sold,
Decoder,,,,Hunter,,,ICD-100,Decoder - Hunter - ICD-100,PHYSICAL,Irrigation Parts,,285,,Cost of Goods Sold,Hunter Decoder ICD - 100
Decoder,,,,Hunter,,,ACC - Sensor Decoder,Decoder - Hunter - ACC - Sensor Decoder,PHYSICAL,Irrigation Parts,,1008.8,,Cost of Goods Sold,
Decoder,,,,Rainbird,,,Turf Decoder FD - 101,Decoder - Rainbird - Turf Decoder FD - 101,PHYSICAL,Irrigation Parts,,229.95,,Cost of Goods Sold,Rainbird Turf Decoder FD - 101
Filter,,,"1""",,,,Drip Assembly,"Filter - 1"" - Drip Assembly",PHYSICAL,Irrigation Parts,,109.95,,Cost of Goods Sold,
Filter,,,"1""",Rainbird,,,Check Basket,"Filter - 1"" - Rainbird - Check Basket",PHYSICAL,Irrigation Parts,,42.95,,Cost of Goods Sold,"1"" Rainbird Quick Check Basket Filter"
Filter,NETAFIM,,,,,,,Filter - NETAFIM,PHYSICAL,Irrigation Parts,,21.95,,Cost of Goods Sold,Netafim Drip Filter
Filter,,,,,,,Pop Up Filter,Filter - Pop Up Filter,PHYSICAL,Irrigation Parts,,2.45,,Cost of Goods Sold,
Filter,,,".75""",Rainbird,,,Pressure Regulating,"Filter - .75"" - Rainbird - Pressure Regulating",PHYSICAL,Irrigation Parts,,28.95,,Cost of Goods Sold,"3/4"" Pressure Regulating Filter"
Fitting,COPPER,,".5""",,,90° Coupler,,"Fitting - COPPER - .5"" - 90° Coupler",PHYSICAL,Irrigation Parts,,8.95,,Cost of Goods Sold,"1/2"" Copper 90"
Fitting,COPPER,,"1.5""",,,Union,,"Fitting - COPPER - 1.5"" - Union",PHYSICAL,Irrigation Parts,,167.6,,Cost of Goods Sold,
Fitting,COPPER,,"1.5""",,,Male Adapter,,"Fitting - COPPER - 1.5"" - Male Adapter",PHYSICAL,Irrigation Parts,,43.69,,Cost of Goods Sold,
Fitting,BRASS,,"1""",,,90° Coupler,Thread to Slip,"Fitting - BRASS - 1"" - 90° Coupler - Thread to Slip",PHYSICAL,Irrigation Parts,,48.95,,Cost of Goods Sold,
Fitting,BRASS,,"1""",,,90° Coupler,w/ Drain,"Fitting - BRASS - 1"" - 90° Coupler - w/ Drain",PHYSICAL,Irrigation Parts,,48.95,,Cost of Goods Sold,
Fitting,COPPER,,"1""",,,45° Coupler,,"Fitting - COPPER - 1"" - 45° Coupler",PHYSICAL,Irrigation Parts,,54.95,,Cost of Goods Sold,
Fitting,COPPER,,"1""",,,Union,,"Fitting - COPPER - 1"" - Union",PHYSICAL,Irrigation Parts,,42.95,,Cost of Goods Sold,"1"" Copper Union"
Fitting,,,"1""",Mcdonald,,,3 PT QUIK COUPLER,"Fitting - 1"" - Mcdonald - 3 PT QUIK COUPLER",PHYSICAL,Irrigation Parts,,95.72,,Cost of Goods Sold,"1"" MCDONALD 3 PT MC QUIK COUPLER"
Fitting,,,"1""",Mcdonald,,,MC QUIK ADAPTER,"Fitting - 1"" - Mcdonald - MC QUIK ADAPTER",PHYSICAL,Irrigation Parts,,81.42,,Cost of Goods Sold,"1"" MCDONALD MC QUIK ADAPTER"
Fitting,PVC,,"1""",,,Cap,,"Fitting - PVC - 1"" - Cap",PHYSICAL,Irrigation Parts,,14.95,,Cost of Goods Sold,
Fitting,PVC,,"1""",,,45° Coupler,,"Fitting - PVC - 1"" - 45° Coupler",PHYSICAL,Irrigation Parts,,12.95,,Cost of Goods Sold,"1"" PVC Coupler 45 degree"
Fitting,PVC,,"1""",,,Tee,,"Fitting - PVC - 1"" - Tee",PHYSICAL,Irrigation Parts,,8.95,,Cost of Goods Sold,"1"" PVC TEE"
Fitting,,,"2""",,,J Coupler,,"Fitting - 2"" - J Coupler",PHYSICAL,Irrigation Parts,,14.45,,Cost of Goods Sold,"2"" SlipxSlip J Coupler"
Fitting,PVC,,"2""",,,Tee,,"Fitting - PVC - 2"" - Tee",PHYSICAL,Irrigation Parts,,13.95,,Cost of Goods Sold,"2"" T Coupler"
Fitting,PVC,,"3""",,,Slip Coupler,,"Fitting - PVC - 3"" - Slip Coupler",PHYSICAL,Irrigation Parts,,36.95,,Cost of Goods Sold,"3"" Slip Coupler"
Fitting,,,"4""",Leemco,,Coupler,,"Fitting - 4"" - Leemco - Coupler",PHYSICAL,Irrigation Parts,,472.95,,Cost of Goods Sold,"4"" LEEMCO REPAIR COUPLER SELF RESTRAINED"
Fitting,PVC,,"4""",,,45° Coupler,,"Fitting - PVC - 4"" - 45° Coupler",PHYSICAL,Irrigation Parts,,34.95,,Cost of Goods Sold,"4"" PVC 45 degree slip coupler"
Fitting,PVC,,"4""",,,90° Coupler,,"Fitting - PVC - 4"" - 90° Coupler",PHYSICAL,Irrigation Parts,,42.94,,Cost of Goods Sold,
Fitting,PVC,,"4""",,,Male Adapter,,"Fitting - PVC - 4"" - Male Adapter",PHYSICAL,Irrigation Parts,,37.95,,Cost of Goods Sold,
Fitting,PVC,,"4""",,,Tee,,"Fitting - PVC - 4"" - Tee",PHYSICAL,Irrigation Parts,,107.95,,Cost of Goods Sold,SCHEDULE 40 PVC TEE SLIP
Fitting,PVC,,"4""",,,Slip-Fix,,"Fitting - PVC - 4"" - Slip-Fix",PHYSICAL,Irrigation Parts,,168.95,,Cost of Goods Sold,
Fitting,PVC,,"4""",,,Tee,"4"" x 4"" x 1""","Fitting - PVC - 4"" - Tee - 4"" x 4"" x 1""",PHYSICAL,Irrigation Parts,,56.95,,Cost of Goods Sold,
Fitting,PVC,,".5""",,,Cap,,"Fitting - PVC - .5"" - Cap",PHYSICAL,Irrigation Parts,,5.95,,Cost of Goods Sold,".5"" PVC CAP"
Fitting,BACKFLOW,,".125""",,,Testcock,,"Fitting - BACKFLOW - .125"" - Testcock",PHYSICAL,Irrigation Parts,,23.33,,Cost of Goods Sold,"Backlog Testcock 1/8"""
Fitting,BRASS,,".75""",,,Cap,,"Fitting - BRASS - .75"" - Cap",PHYSICAL,Irrigation Parts,,12.97,,Cost of Goods Sold,Brass Cap for Backlog Valve
Fitting,BRASS,,"2""",,,Coupler,,"Fitting - BRASS - 2"" - Coupler",PHYSICAL,Irrigation Parts,,154.79,,Cost of Goods Sold,
Fitting,BRASS,,".75""",,,Coupler,,"Fitting - BRASS - .75"" - Coupler",PHYSICAL,Irrigation Parts,,37.84,,Cost of Goods Sold,"Brass Coupler .75"""
Fitting,COPPER,,"1""",,,Coupler,,"Fitting - COPPER - 1"" - Coupler",PHYSICAL,Irrigation Parts,,28.6,,Cost of Goods Sold,"Copper Coupler 1"""
Fitting,COPPER,,"1.5""",,,Coupler,,"Fitting - COPPER - 1.5"" - Coupler",PHYSICAL,Irrigation Parts,,,0,Cost of Goods Sold,"Copper Coupler 1.5"""
Fitting,COPPER,,"2""",,,Coupler,,"Fitting - COPPER - 2"" - Coupler",PHYSICAL,Irrigation Parts,,219.95,0,Cost of Goods Sold,"Copper Coupler - 2"""
Fitting,COPPER,,".75""",,,Coupler,,"Fitting - COPPER - .75"" - Coupler",PHYSICAL,Irrigation Parts,,25.21,,Cost of Goods Sold,"Copper Coupler .75"""
Fitting,COPPER,,".25""",,,Coupler,,"Fitting - COPPER - .25"" - Coupler",PHYSICAL,Irrigation Parts,,10.7,,Cost of Goods Sold,"Copper Coupling .25"""
Fitting,COPPER,,".25""",,,Cap,,"Fitting - COPPER - .25"" - Cap",PHYSICAL,Irrigation Parts,,5.325,,Cost of Goods Sold,"Copper Drain Cap .25"""
Fitting,COPPER,,"1""",,,90° Coupler,,"Fitting - COPPER - 1"" - 90° Coupler",PHYSICAL,Irrigation Parts,,28.95,,Cost of Goods Sold,
Fitting,COPPER,,".75""",,,90° Coupler,,"Fitting - COPPER - .75"" - 90° Coupler",PHYSICAL,Irrigation Parts,,16.12,,Cost of Goods Sold,"Copper Elbow .75"""
Fitting,COPPER,,".75""",,,Female Adapter,,"Fitting - COPPER - .75"" - Female Adapter",PHYSICAL,Irrigation Parts,,32.95,,Cost of Goods Sold,"Copper Female Adapter .75"""
Fitting,COPPER,,"1""",,,Male Adapter,,"Fitting - COPPER - 1"" - Male Adapter",PHYSICAL,Irrigation Parts,,54.26,,Cost of Goods Sold,"Copper Male Adapter 1"""
Fitting,COPPER,,".75""",,,Male Adapter,,"Fitting - COPPER - .75"" - Male Adapter",PHYSICAL,Irrigation Parts,,19.16,,Cost of Goods Sold,"Copper Male Adapter .75"""
Fitting,COPPER,,".375""",,,Plug,,"Fitting - COPPER - .375"" - Plug",PHYSICAL,Irrigation Parts,,23.32,,Cost of Goods Sold,"Copper Plug 3/8"""
Fitting,COPPER,,"1""",,,Union,Cast,"Fitting - COPPER - 1"" - Union - Cast",PHYSICAL,Irrigation Parts,,50.71,,Cost of Goods Sold,"Copper Union 1"" Cast"
Fitting,PVC,,"1.5""",,,Slip Coupler,,"Fitting - PVC - 1.5"" - Slip Coupler",PHYSICAL,Irrigation Parts,,4.8,,Cost of Goods Sold,"PVC Coupler 1.5"" Slip"
Fitting,,,,Febco,,Ball Valve,Tapped,Fitting - Febco - Ball Valve - Tapped,PHYSICAL,Irrigation Parts,,135.95,,Cost of Goods Sold,"!"" Febco Tapped Ball Valve"
Fitting,,Insert,"1""",,,90° Coupler,,"Fitting - Insert - 1"" - 90° Coupler",PHYSICAL,Irrigation Parts,,3.8,,Cost of Goods Sold,"Insert 90 1"""
Fitting,,Insert,"1""",,,Coupler,,"Fitting - Insert - 1"" - Coupler",PHYSICAL,Irrigation Parts,,3.55,,Cost of Goods Sold,"Insert Coupler 1"""
Fitting,,Insert,".5""",,,90° Coupler,,"Fitting - Insert - .5"" - 90° Coupler",PHYSICAL,Irrigation Parts,,3.63,,Cost of Goods Sold,"Insert 90 .5"""
Fitting,,Insert,".75""",,,90° Coupler,,"Fitting - Insert - .75"" - 90° Coupler",PHYSICAL,Irrigation Parts,,3.73,,Cost of Goods Sold,"Insert 90 .75"""
Fitting,,Insert,".75""",,,Adapter,,"Fitting - Insert - .75"" - Adapter",PHYSICAL,Irrigation Parts,,2.23,,Cost of Goods Sold,"Insert Adapter .75"""
Fitting,,Insert,"1""",,,Coupler,,"Fitting - Insert - 1"" - Coupler",PHYSICAL,Irrigation Parts,,3.95,,Cost of Goods Sold,
Fitting,,Insert,"1.5""",,,Coupler,,"Fitting - Insert - 1.5"" - Coupler",PHYSICAL,Irrigation Parts,,4.1,,Cost of Goods Sold,"Insert Coupler 1.5"""
Fitting,,Insert,"1""",,,Coupler,1x3/8 Swing Pipe,"Fitting - Insert - 1"" - Coupler - 1x3/8 Swing Pipe",PHYSICAL,Irrigation Parts,,4.05,,Cost of Goods Sold,Insert Coupler 1x3/8 Swing Pipe
Fitting,,Insert,".5""",,,Coupler,,"Fitting - Insert - .5"" - Coupler",PHYSICAL,Irrigation Parts,,2.31,,Cost of Goods Sold,"Insert Coupler .5"""
Fitting,,Insert,".75""",,,Coupler,,"Fitting - Insert - .75"" - Coupler",PHYSICAL,Irrigation Parts,,2.99,,Cost of Goods Sold,"Insert Coupler .75"""
Fitting,,Insert,"1""",,,Plug,,"Fitting - Insert - 1"" - Plug",PHYSICAL,Irrigation Parts,,3.45,,Cost of Goods Sold,"Insert Plug 1"""
Fitting,,Insert,".5""",,,Plug,,"Fitting - Insert - .5"" - Plug",PHYSICAL,Irrigation Parts,,2.75,,Cost of Goods Sold,"Insert Plug .5"""
Fitting,,Insert,".75""",,,Plug,,"Fitting - Insert - .75"" - Plug",PHYSICAL,Irrigation Parts,,3.28,,Cost of Goods Sold,"Insert Plug .75"""
Fitting,,Insert,"1""",,,Slip-Fix,,"Fitting - Insert - 1"" - Slip-Fix",PHYSICAL,Irrigation Parts,,24.95,,Cost of Goods Sold,Insert slip fix for black poly
Fitting,,Insert,"2""",,,Slip-Fix,,"Fitting - Insert - 2"" - Slip-Fix",PHYSICAL,Irrigation Parts,,44.95,,Cost of Goods Sold,"Insert Slip Fix 2"""
Fitting,,Insert,".75""",,,Slip-Fix,,"Fitting - Insert - .75"" - Slip-Fix",PHYSICAL,Irrigation Parts,,21.95,,Cost of Goods Sold,"Insert Slip Fix for Poly .75"""
Fitting,,Insert,"1""",,,Tee,,"Fitting - Insert - 1"" - Tee",PHYSICAL,Irrigation Parts,,12.95,,Cost of Goods Sold,"Poly Insert Tee 1"""
Fitting,,Insert,".75""",,,Tee,,"Fitting - Insert - .75"" - Tee",PHYSICAL,Irrigation Parts,,5.2,,Cost of Goods Sold,"Insert TEE .75"""
Fitting,,,"1""",,,,Manifold - 90° Swivel,"Fitting - 1"" - Manifold - 90° Swivel",PHYSICAL,Irrigation Parts,,23.3,,Cost of Goods Sold,"Manifold 90* Swivel - 1"""
Fitting,,,"1""",,,,Manifold - Cross,"Fitting - 1"" - Manifold - Cross",PHYSICAL,Irrigation Parts,,24.85,,Cost of Goods Sold,"Manifold 1"" Cross SW*AM*SW*SW*"
Fitting,,,"1""",,,,Manifold - Tee,"Fitting - 1"" - Manifold - Tee",PHYSICAL,Irrigation Parts,,16.65,,Cost of Goods Sold,"Manifold Tee 1"""
Fitting,,,"1""",,,,Manifold - Tee - Slip,"Fitting - 1"" - Manifold - Tee - Slip",PHYSICAL,Irrigation Parts,,13.89,,Cost of Goods Sold,"Manifold Tee 1"" Slip"
Fitting,NETAFIM,,,,,Coupler,,Fitting - NETAFIM - Coupler,PHYSICAL,Irrigation Parts,,3.23,,Cost of Goods Sold,Netafim Coupling
Fitting,NETAFIM,,,,,Male Adapter,"3/4"" x 1/2""","Fitting - NETAFIM - Male Adapter - 3/4"" x 1/2""",PHYSICAL,Irrigation Parts,,4.95,,Cost of Goods Sold,"3/4"" x 1/2"""
Fitting,NETAFIM,,,,,Tee,,Fitting - NETAFIM - Tee,PHYSICAL,Irrigation Parts,,3.75,,Cost of Goods Sold,Netafim Tee
Fitting,POLY,,,,,Adapter,"2"" x 1""","Fitting - POLY - Adapter - 2"" x 1""",PHYSICAL,Irrigation Parts,,8.45,,Cost of Goods Sold,"2"" x 1"" Poly Adapter"
Fitting,POLY,,"1""",,,Coupler,Stretch,"Fitting - POLY - 1"" - Coupler - Stretch",PHYSICAL,Irrigation Parts,,29.28,,Cost of Goods Sold,"Poly Stretch Coupler 1"""
Fitting,PVC,,"2""",,,45° Slip Coupler,,"Fitting - PVC - 2"" - 45° Slip Coupler",PHYSICAL,Irrigation Parts,,12.61,,Cost of Goods Sold,"PVC 45 Elbow 2"" Slip"
Fitting,PVC,,,,,90° Reducer,"1"" x 1/2""","Fitting - PVC - 90° Reducer - 1"" x 1/2""",PHYSICAL,Irrigation Parts,,3.95,,Cost of Goods Sold,"PVC 90 1""x1/2"""
Fitting,PVC,,"1""",,,90° Coupler,,"Fitting - PVC - 1"" - 90° Coupler",PHYSICAL,Irrigation Parts,,9.98,,Cost of Goods Sold,"PVC Elbow 1"""
Fitting,PVC,,"1.5""",,,90° Coupler,,"Fitting - PVC - 1.5"" - 90° Coupler",PHYSICAL,Irrigation Parts,,12.56,,Cost of Goods Sold,"PVC 90 Elbow 1.5"""
Fitting,PVC,,"2""",,,90° Coupler,,"Fitting - PVC - 2"" - 90° Coupler",PHYSICAL,Irrigation Parts,,18.67,,Cost of Goods Sold,"PVC 90 Elbow 2"""
Fitting,PVC,,".5""",,,90° Coupler,,"Fitting - PVC - .5"" - 90° Coupler",PHYSICAL,Irrigation Parts,,3.89,,Cost of Goods Sold,"PVC 90 Elbow .5"""
Fitting,PVC,,".75""",,,90° Coupler,,"Fitting - PVC - .75"" - 90° Coupler",PHYSICAL,Irrigation Parts,,6.89,,Cost of Goods Sold,"PVC Elbow .75"""
Fitting,PVC,,"3""",,,Cap,,"Fitting - PVC - 3"" - Cap",PHYSICAL,Irrigation Parts,,38.18,,Cost of Goods Sold,"PVC Cap 3"""
Fitting,PVC,,,,,Coupler,,Fitting - PVC - Coupler,PHYSICAL,Irrigation Parts,,10.25,,Cost of Goods Sold,"PVC Coupler 1"""
Fitting,PVC,,,,,Coupler,,Fitting - PVC - Coupler,PHYSICAL,Irrigation Parts,,11.25,,Cost of Goods Sold,"PVC Coupler 1.5"""
Fitting,PVC,,,,,Coupler,,Fitting - PVC - Coupler,PHYSICAL,Irrigation Parts,,14.25,,Cost of Goods Sold,"PVC Coupler 2"""
Fitting,PVC,,,,,Coupler,,Fitting - PVC - Coupler,PHYSICAL,Irrigation Parts,,16.25,,Cost of Goods Sold,"PVC Coupler 2"" slip"
Fitting,PVC,,,,,Coupler,,Fitting - PVC - Coupler,PHYSICAL,Irrigation Parts,,28.25,,Cost of Goods Sold,"PVC Coupler 3"""
Fitting,PVC,,,,,Coupler,,Fitting - PVC - Coupler,PHYSICAL,Irrigation Parts,,44.95,,Cost of Goods Sold,"3"" PVC Coupler 45 degree"
Fitting,PVC,,,,,Coupler,,Fitting - PVC - Coupler,PHYSICAL,Irrigation Parts,,7.92,,Cost of Goods Sold,"PVC Coupler .5"""
Fitting,PVC,,,,,Slip Coupler,,Fitting - PVC - Slip Coupler,PHYSICAL,Irrigation Parts,,4.85,,Cost of Goods Sold,"PVC Coupler .75"" Slip"
Fitting,PVC,,"1""",,,90° Slip Coupler,SCRIPT,"Fitting - PVC - 1"" - 90° Slip Coupler - SCRIPT",PHYSICAL,Irrigation Parts,,24.95,,Cost of Goods Sold,"PVC 90 elbow 1"" Slip SCRIPT"
Fitting,PVC,Insert,"1""",,,,Adapter,"Fitting - PVC - Insert - 1"" - Adapter",PHYSICAL,Irrigation Parts,,10.4,,Cost of Goods Sold,"PVC Insert Adopt 1"""
Fitting,PVC,,"1""",,,Male Adapter,,"Fitting - PVC - 1"" - Male Adapter",PHYSICAL,Irrigation Parts,,14.95,,Cost of Goods Sold,"PVC Male Adapter 1"""
Fitting,PVC,,"1.25""",,,Male Adapter,,"Fitting - PVC - 1.25"" - Male Adapter",PHYSICAL,Irrigation Parts,,8.95,,Cost of Goods Sold,"PVC Male Adapter 1.25"""
Fitting,PVC,,"1.5""",,,Male Adapter,,"Fitting - PVC - 1.5"" - Male Adapter",PHYSICAL,Irrigation Parts,,9.95,,Cost of Goods Sold,"PVC Male Adapter 1.5"""
Fitting,PVC,,"2""",,,Male Adapter,,"Fitting - PVC - 2"" - Male Adapter",PHYSICAL,Irrigation Parts,,14.95,,Cost of Goods Sold,
Fitting,PVC,,,,,Union,,Fitting - PVC - Union,PHYSICAL,Irrigation Parts,,46,,Cost of Goods Sold,"PVC Union 1"" Slip"
Fitting,PVC,,,,,Union,,Fitting - PVC - Union,PHYSICAL,Irrigation Parts,,38,,Cost of Goods Sold,"PVC Union .25"" Slip"
Fitting,,Insert,,Rainbird,,Adapter,SBE 050,Fitting - Insert - Rainbird - Adapter - SBE 050,PHYSICAL,Irrigation Parts,,3.95,,Cost of Goods Sold,
Fitting,PVC,,"1""",,,Union,Schedule 80,"Fitting - PVC - 1"" - Union - Schedule 80",PHYSICAL,Irrigation Parts,,21.95,,Cost of Goods Sold,"SCH 80 PVC UNION 1"" FPT"
Fitting,PVC,,"1""",,,,Slip to Thread,"Fitting - PVC - 1"" - Slip to Thread",PHYSICAL,Irrigation Parts,,8.98,,Cost of Goods Sold,"1"" 90 degree Slip x 1"" thread"
Fitting,PVC,,"1""",,,Slip Coupler,,"Fitting - PVC - 1"" - Slip Coupler",PHYSICAL,Irrigation Parts,,7.95,,Cost of Goods Sold,
Fitting,PVC,,"1""",,,Slip-Fix,,"Fitting - PVC - 1"" - Slip-Fix",PHYSICAL,Irrigation Parts,,21.88,,Cost of Goods Sold,"Slip Fix 1"""
Fitting,PVC,,"1.5""",,,Slip-Fix,,"Fitting - PVC - 1.5"" - Slip-Fix",PHYSICAL,Irrigation Parts,,29.55,,Cost of Goods Sold,"Slip Fix 1.5"""
Fitting,PVC,,"2""",,,Slip-Fix,,"Fitting - PVC - 2"" - Slip-Fix",PHYSICAL,Irrigation Parts,,41.55,,Cost of Goods Sold,"Slip Fix 2"""
Fitting,PVC,,".25""",,,Slip-Fix,,"Fitting - PVC - .25"" - Slip-Fix",PHYSICAL,Irrigation Parts,,17.66,,Cost of Goods Sold,"Slip Fix .25"""
Fitting,PVC,,"3""",,,Slip-Fix,,"Fitting - PVC - 3"" - Slip-Fix",PHYSICAL,Irrigation Parts,,89.9,,Cost of Goods Sold,"Slip Fix 3"""
Fitting,PVC,,"4""",,,Slip-Fix,,"Fitting - PVC - 4"" - Slip-Fix",PHYSICAL,Irrigation Parts,,129.95,,Cost of Goods Sold,"4"" Slip Fix"
Fitting,PVC,,".75""",,,Slip-Fix,,"Fitting - PVC - .75"" - Slip-Fix",PHYSICAL,Irrigation Parts,,19.66,,Cost of Goods Sold,"Slip Fix .75"""
Fitting,,,,,,,Sprinkler Cap,Fitting - Sprinkler Cap,PHYSICAL,Irrigation Parts,,3.45,,Cost of Goods Sold,Sprinkler Cap
Fitting,,,".75""",,,Swing Barb 90°,,"Fitting - .75"" - Swing Barb 90°",PHYSICAL,Irrigation Parts,,3.89,,Cost of Goods Sold,"Swing Barb .75"" Male 90"
Fitting,PVC,,"1.5""",,,Tee,,"Fitting - PVC - 1.5"" - Tee",PHYSICAL,Irrigation Parts,,10.45,,Cost of Goods Sold,"TEE 1/5"""
Fitting,PVC,,"1.5""",,,Tee,Slip,"Fitting - PVC - 1.5"" - Tee - Slip",PHYSICAL,Irrigation Parts,,10.45,,Cost of Goods Sold,"TEE 1.5"" Slip"
Fitting,PVC,,,,,Tee,"1"" x 1"" x 1/2""","Fitting - PVC - Tee - 1"" x 1"" x 1/2""",SERVICE,Irrigation Parts,,3.25,,Cost of Goods Sold,1x1x1/2 Tee
Fitting,PVC,,"2.5""",,,,,"Fitting - PVC - 2.5""",PHYSICAL,Irrigation Parts,,29.45,,Cost of Goods Sold,"TEE 2.5"""
Fitting,PVC,,"2""",,,,,"Fitting - PVC - 2""",PHYSICAL,Irrigation Parts,,13.45,,Cost of Goods Sold,"TEE 2"" PVC"
Fitting,PVC,,"3""",,,,,"Fitting - PVC - 3""",PHYSICAL,Irrigation Parts,,68.06,,Cost of Goods Sold,"TEE 3"""
Fitting,,Insert,".75""",,,Coupler,,"Fitting - Insert - .75"" - Coupler",SERVICE,Irrigation Parts,,12.95,,Cost of Goods Sold,
Head,,,"12""",Hunter,,,Pro Spray with Check,"Head - 12"" - Hunter - Pro Spray with Check",PHYSICAL,Irrigation Parts,,31.56,,Cost of Goods Sold,"12"" Pro Spray with Check"
Head,,,,Rainbird,,,1800,Head - Rainbird - 1800,PHYSICAL,Irrigation Parts,,37.95,,Cost of Goods Sold,
Head,,,,Hunter,,,I-25,Head - Hunter - I-25,PHYSICAL,Irrigation Parts,,89.95,,Cost of Goods Sold,Hunter I-25 Rotor
Head,,,,K-Rain,,,1804 Pop up,Head - K-Rain - 1804 Pop up,PHYSICAL,Irrigation Parts,,31.89,,Cost of Goods Sold,Pop Up Sprinkler Head
Head,,,,K-Rain,,,1806 Pop up,Head - K-Rain - 1806 Pop up,PHYSICAL,Irrigation Parts,,24.95,,Cost of Goods Sold,"6"" K rain pop up"
Head,,,,K-Rain,,,Pop up,Head - K-Rain - Pop up,PHYSICAL,Irrigation Parts,,42.94,,Cost of Goods Sold,"24"" K Rain"
Head,,,,Hunter,,,"PGJ Adjustable Rotor 4""","Head - Hunter - PGJ Adjustable Rotor 4""",PHYSICAL,Irrigation Parts,,33.95,,Cost of Goods Sold,"PGJ Adjustable Rotor 4"""
Head,,,,Hunter,,,PGP Adjustable Rotor,Head - Hunter - PGP Adjustable Rotor,PHYSICAL,Irrigation Parts,,28.5,,Cost of Goods Sold,PGP Adjustable Rotor
Head,,,,Hunter,,,PGP Ultra,Head - Hunter - PGP Ultra,PHYSICAL,Irrigation Parts,,39.95,,Cost of Goods Sold,PGP Ultra Rotor
Head,,,,Hunter,,,PGP with Check Valve,Head - Hunter - PGP with Check Valve,PHYSICAL,Irrigation Parts,,39.76,,Cost of Goods Sold,PGP with Check Valve
Head,,,,K-Rain,,,"Popup 12""","Head - K-Rain - Popup 12""",PHYSICAL,Irrigation Parts,,39.89,,Cost of Goods Sold,
Head,,,,Hunter,,,"Popup 12"" Pro Spray","Head - Hunter - Popup 12"" Pro Spray",PHYSICAL,Irrigation Parts,,39.89,,Cost of Goods Sold,"Popup 12"" Pro Spray"
Head,,,,Hunter,,,"Popup 6"" Pro Spray","Head - Hunter - Popup 6"" Pro Spray",PHYSICAL,Irrigation Parts,,24.95,,Cost of Goods Sold,"Popup 6"" Pro Spray (Hunter)"
Head,,,,Hunter,,,"Popup 6"" with check valve","Head - Hunter - Popup 6"" with check valve",PHYSICAL,Irrigation Parts,,29.87,,Cost of Goods Sold,"Popup 6"" with check valve (Hunter)"
Head,,,,Ranier,,,"Popup Head 6""","Head - Ranier - Popup Head 6""",PHYSICAL,Irrigation Parts,,18.24,,Cost of Goods Sold,"Popup Head 6"" (Rainier)"
Head,,,,Rainbird,,,Maxi Paw,Head - Rainbird - Maxi Paw,PHYSICAL,Irrigation Parts,,89.95,,Cost of Goods Sold,Rainbird Maxipaw Sprinkler Head
Head,,,,Rainbird,,,8005 NP,Head - Rainbird - 8005 NP,PHYSICAL,Irrigation Parts,,212.67,,Cost of Goods Sold,REBEL 8005 GNP
Head,,,,Hunter,,,Rotor I20 Ultra PC/FCC,Head - Hunter - Rotor I20 Ultra PC/FCC,PHYSICAL,Irrigation Parts,,46.98,,Cost of Goods Sold,Rotor I20 Ultra PC/FCC
Head,,,,,,,,Head,PHYSICAL,Irrigation Parts,,109.76,,Cost of Goods Sold,"Rotor 4"""
Head,,,,Hunter,,,Rotor i20,Head - Hunter - Rotor i20,PHYSICAL,Irrigation Parts,,72.04,,Cost of Goods Sold,Rotor i20 (Hunter)
Head,,,,Hunter,,,i25 SS W/CV Non-Pot,Head - Hunter - i25 SS W/CV Non-Pot,PHYSICAL,Irrigation Parts,,256.98,,Cost of Goods Sold,Rotor i25 SS W/CV Non-Pot (Hunter)
Head,,,,Hunter,,,"i25 Ultra 6""","Head - Hunter - i25 Ultra 6""",PHYSICAL,Irrigation Parts,,176.88,,Cost of Goods Sold,"Rotor i25 Ultra 6"" (Hunter)"
Head,,,,Hunter,,,i40 Ultra SOS,Head - Hunter - i40 Ultra SOS,PHYSICAL,Irrigation Parts,,198.56,,Cost of Goods Sold,Rotor i40 Ultra SOS
Irrigation Box,,,"6""",Carson,,,Round - w/ Lid,"Irrigation Box - 6"" - Carson - Round - w/ Lid",PHYSICAL,Irrigation Parts,,24.95,,Cost of Goods Sold,"6"" Carson RD Box w/ LID"
Irrigation Box,,,"6""",Carson,,,Standard Extension - Non-Pot,"Irrigation Box - 6"" - Carson - Standard Extension - Non-Pot",PHYSICAL,Irrigation Parts,,212.95,,Cost of Goods Sold,"6"" Carson Riser Box"
Irrigation Box,,,"6""",Highline,,,,"Irrigation Box - 6"" - Highline",PHYSICAL,Irrigation Parts,,79.95,,Cost of Goods Sold,"6"" Highline Valve Box"
Irrigation Box,,,"6""",Highline,,,Extension,"Irrigation Box - 6"" - Highline - Extension",PHYSICAL,Irrigation Parts,,90.9,,Cost of Goods Sold,
Irrigation Box,,,,Carson,,,Jumbo - Purple Lid,Irrigation Box - Carson - Jumbo - Purple Lid,PHYSICAL,Irrigation Parts,,93.49,,Cost of Goods Sold,
Irrigation Box,,,,NDS,,,STD Valve Box w/Cover,Irrigation Box - NDS - STD Valve Box w/Cover,PHYSICAL,Irrigation Parts,,74.95,,Cost of Goods Sold,NDS STD Valve Box w/Cover
Irrigation Box,,,"10""",,,,Round - Splice Box - Purple,"Irrigation Box - 10"" - Round - Splice Box - Purple",PHYSICAL,Irrigation Parts,,36.95,,Cost of Goods Sold,"10"" Round Purple Splice Box"
Irrigation Box,,,,Pentek,,,"Valve Box 10""","Irrigation Box - Pentek - Valve Box 10""",PHYSICAL,Irrigation Parts,,41,,Cost of Goods Sold,"Valve Box 10"" (Pentek)"
Irrigation Box,,,,Pentek,,,"Valve Box 10"" RD","Irrigation Box - Pentek - Valve Box 10"" RD",PHYSICAL,Irrigation Parts,,41,,Cost of Goods Sold,"Valve Box 10"" RD (Pentek)"
Irrigation Box,,,,,,,Valve Box JUMBO with Green Lid,Irrigation Box - Valve Box JUMBO with Green Lid,PHYSICAL,Irrigation Parts,,145.84,,Cost of Goods Sold,Valve Box JUMBO with Green Lid
Irrigation Box,,,,,,,Valve Box JUMBO with Purple Lid,Irrigation Box - Valve Box JUMBO with Purple Lid,PHYSICAL,Irrigation Parts,,153.26,,Cost of Goods Sold,Valve Box JUMBO with Purple Lid
Irrigation Box,,,,Pentek,,,Valve Box JUMBO Purple with Lid ,Irrigation Box - Pentek - Valve Box JUMBO Purple with Lid ,PHYSICAL,Irrigation Parts,,115.33,,Cost of Goods Sold,Valve Box JUMBO Purple with Lid (Pentek)
Irrigation Box,,,,Carson,,,Valve Box JUMBO with Lid,Irrigation Box - Carson - Valve Box JUMBO with Lid,PHYSICAL,Irrigation Parts,,286.22,,Cost of Goods Sold,Valve Box JUMBO with Lid (Carson)
Irrigation Box,,,,Pentek,,,Valve Box JUMBO,Irrigation Box - Pentek - Valve Box JUMBO,PHYSICAL,Irrigation Parts,,106,,Cost of Goods Sold,Valve Box JUMBO (Pentek)
Irrigation Box,,,,Pentek,,,Valve Box Standard,Irrigation Box - Pentek - Valve Box Standard,PHYSICAL,Irrigation Parts,,58.36,,Cost of Goods Sold,Valve Box Standard (Pentek)
Irrigation Box,,,,,,,Valve Box with Green Lid,Irrigation Box - Valve Box with Green Lid,PHYSICAL,Irrigation Parts,,89.45,,Cost of Goods Sold,Valve Box with Green Lid
Labor,,,,,,,,Labor,SERVICE,Irrigation Parts,,115,,Cost of Goods Sold,
Labor,,,,,,,,Labor,SERVICE,Irrigation Parts,,80,,Cost of Goods Sold,
Misc,,,"1.5""",,,,IPS DQ 150 DAUBER,"Misc - 1.5"" - IPS DQ 150 DAUBER",PHYSICAL,Irrigation Parts,,5.95,,Cost of Goods Sold,"1.5"" IPS DAUBER"
Misc,,,"1.5""",,,,Water Suction FXF CAM,"Misc - 1.5"" - Water Suction FXF CAM",PHYSICAL,Irrigation Parts,,93.79,,Cost of Goods Sold,"1.5"" Water Suction FXF CAM Hose"
Misc,,,"1""",,,,AC Key Lug Inlet,"Misc - 1"" - AC Key Lug Inlet",PHYSICAL,Irrigation Parts,,154.8,,Cost of Goods Sold,"1"" AC Key Lug Inlet (Hunter)"
Misc,,,"1""",,,,Meter Setter,"Misc - 1"" - Meter Setter",PHYSICAL,Irrigation Parts,,549.95,,Cost of Goods Sold,"730-4, PVxMTR Nut - 1"""
Misc,,,"1""",Rainbird,,,Valve Diaphram,"Misc - 1"" - Rainbird - Valve Diaphram",PHYSICAL,Irrigation Parts,,109.95,,Cost of Goods Sold,
Misc,,,"2""",,,,Hose Clamp,"Misc - 2"" - Hose Clamp",PHYSICAL,Irrigation Parts,,2.95,,Cost of Goods Sold,"2"" Hose Clamp"
Misc,,,"2""",Rainbird,,,Valve Diaphram,"Misc - 2"" - Rainbird - Valve Diaphram",PHYSICAL,Irrigation Parts,,189.95,,Cost of Goods Sold,
Misc,,,"3""",,,,Pipe-FTG Joint Restraint,"Misc - 3"" - Pipe-FTG Joint Restraint",PHYSICAL,Irrigation Parts,,135.67,,Cost of Goods Sold,"3"" Leemco Pipe-FTG Joint Restraint"
Misc,,,,,,,9V Battery,Misc - 9V Battery,PHYSICAL,Irrigation Parts,,12.94,,Cost of Goods Sold,9v Battery
Misc,,,".75""",,,Bonnet,,"Misc - .75"" - Bonnet",PHYSICAL,Irrigation Parts,,59.95,,Cost of Goods Sold,
Misc,,,".75""",,,Bonnet & Stem,,"Misc - .75"" - Bonnet & Stem",PHYSICAL,Irrigation Parts,,49.95,,Cost of Goods Sold,"EBON Bonnet & Stem 3/4"""
Misc,BRASS,,,,,,Drain Cap,Misc - BRASS - Drain Cap,PHYSICAL,Irrigation Parts,,12.95,,Cost of Goods Sold,
Misc,,,,,,,Bug Cap Plug,Misc - Bug Cap Plug,PHYSICAL,Irrigation Parts,,0.93,,Cost of Goods Sold,Bug Cap Plug
Misc,,,,,,,Combination Lock,Misc - Combination Lock,PHYSICAL,Irrigation Parts,,19.95,,Cost of Goods Sold,Combination Lock
Misc,,,,,,,DBR/Y Gel Kit,Misc - DBR/Y Gel Kit,PHYSICAL,Irrigation Parts,,12.95,,Cost of Goods Sold,Gel Wire Tube Nut to cover irrigation splices
Misc,,,,,,,DBR/Y Splice Kit,Misc - DBR/Y Splice Kit,PHYSICAL,Irrigation Parts,,21.95,,Cost of Goods Sold,
Misc,,,,,,,DC Latching Solenoid,Misc - DC Latching Solenoid,PHYSICAL,Irrigation Parts,,261,,Cost of Goods Sold,DC Latching Solenoid
Misc,,,,Hunter,,,DC Latching Solenoid,Misc - Hunter - DC Latching Solenoid,PHYSICAL,Irrigation Parts,,100.8,,Cost of Goods Sold,DC Latching Solenoid (Hunter)
Misc,,,,,,,Diaphragm Assembly,Misc - Diaphragm Assembly,PHYSICAL,Irrigation Parts,,84.16,,Cost of Goods Sold,Diaphragm Assembly
Misc,,,,,,,Diaphragm Assembly 200 PLEB\\POE,Misc - Diaphragm Assembly 200 PLEB\\POE,PHYSICAL,Irrigation Parts,,119.73,,Cost of Goods Sold,Diaphragm Assembly 200 PLEB\\POE
Misc,,,,EBON,,Bonnet & Stem,,Misc - EBON - Bonnet & Stem,PHYSICAL,Irrigation Parts,,210,,Cost of Goods Sold,"EBON Bonnet/Stem Assembly 1.5"""
Misc,,,"1.5""",EBON,,,Repair Kit,"Misc - 1.5"" - EBON - Repair Kit",PHYSICAL,Irrigation Parts,,118.8,,Cost of Goods Sold,"EBON Repair Kit 1.5"""
Misc,,,,,,,Electric Heater Tape,Misc - Electric Heater Tape,PHYSICAL,Irrigation Parts,,49.95,0,Cost of Goods Sold,Outdoor Electric Heater Chord
Misc,,,,Febco,,,"RUBBER VALVE KIT .75""-1.25""","Misc - Febco - RUBBER VALVE KIT .75""-1.25""",PHYSICAL,Irrigation Parts,,116.24,,Cost of Goods Sold,"FEBCO VLV RUB KIT .75""-1.25"""
Misc,,,,EBON,,,"Check Rubber 3/4""-1.25"" 825Y","Misc - EBON - Check Rubber 3/4""-1.25"" 825Y",PHYSICAL,Irrigation Parts,,55.5,,Cost of Goods Sold,"EBON Check Rubber 3/4""-1.25"" 825Y"
Misc,,,,EBON,,Bonnet & Poppet,Assembly Kit,Misc - EBON - Bonnet & Poppet - Assembly Kit,PHYSICAL,Irrigation Parts,,63.2,,Cost of Goods Sold,EBON Bonnet & Poppet Assay Kit
Misc,,,,,,,Frost Free,Misc - Frost Free,PHYSICAL,Irrigation Parts,,99.95,,Cost of Goods Sold,
Misc,,,,,,,Glue & Primer,Misc - Glue & Primer,PHYSICAL,Irrigation Parts,,5.33,,Cost of Goods Sold,Glue & Primer
Misc,,,,,,,Goof Plug,Misc - Goof Plug,PHYSICAL,Irrigation Parts,,0.74,,Cost of Goods Sold,Goof Plug
Misc,,,,,,,IPS GASKET LUBE,Misc - IPS GASKET LUBE,PHYSICAL,Irrigation Parts,,12.95,,Cost of Goods Sold,
Misc,,,,LEIT,,,Micro Power Solenoid,Misc - LEIT - Micro Power Solenoid,PHYSICAL,Irrigation Parts,,274.33,,Cost of Goods Sold,Micro Powered Solenoid (LEIT)
Misc,,,,,,,O-Ring,Misc - O-Ring,PHYSICAL,Irrigation Parts,,4.95,,Cost of Goods Sold,O ring for bleeder valve
Misc,,,,Rainbird,,,PEB Solenoid,Misc - Rainbird - PEB Solenoid,PHYSICAL,Irrigation Parts,,145,,Cost of Goods Sold,PEB Solenoid
Misc,,,"1""",,,,Pinch Clamp,"Misc - 1"" - Pinch Clamp",PHYSICAL,Irrigation Parts,,0.99,,Cost of Goods Sold,"Pinch Clamp 1"""
Misc,,,"1.5""",,,,Pinch Clamp,"Misc - 1.5"" - Pinch Clamp",PHYSICAL,Irrigation Parts,,0.95,,Cost of Goods Sold,
Misc,,,".5""",,,,Pinch Clamp,"Misc - .5"" - Pinch Clamp",PHYSICAL,Irrigation Parts,,0.79,,Cost of Goods Sold,"Pinch Clamp .5"""
Misc,,,".75""",,,,Pinch Clamp,"Misc - .75"" - Pinch Clamp",PHYSICAL,Irrigation Parts,,0.89,,Cost of Goods Sold,"Pinch Clamp .75"""
Misc,,,,,,,Primer,Misc - Primer,PHYSICAL,Irrigation Parts,,68.99,,Cost of Goods Sold,Primer 1 Quart
Misc,PVC,,,,,,PVC Cement - One Application,Misc - PVC - PVC Cement - One Application,PHYSICAL,Irrigation Parts,,1.95,,Cost of Goods Sold,PVC Cement - One Application
Misc,PVC,,,,,,PVC Cement,Misc - PVC - PVC Cement,PHYSICAL,Irrigation Parts,,25,,Cost of Goods Sold,PVC Cement
Misc,PVC,,,,,,Primer,Misc - PVC - Primer,PHYSICAL,Irrigation Parts,,1.95,,Cost of Goods Sold,PVC Primer - 1 Application
Misc,,,,,,,Quick Connect Coupler,Misc - Quick Connect Coupler,PHYSICAL,Irrigation Parts,,187.95,,Cost of Goods Sold,
Misc,,,,Rainbird,,,Solenoid,Misc - Rainbird - Solenoid,PHYSICAL,Irrigation Parts,,54.95,,Cost of Goods Sold,
Misc,,,,EBON,,,"Relief Valve Cover 1.5-2""","Misc - EBON - Relief Valve Cover 1.5-2""",PHYSICAL,Irrigation Parts,,124.89,,Cost of Goods Sold,"EBON Relief Valve Cover 1.5-2"" 825"
Misc,,,,,"6""",,Riser,"Misc - 6"" - Riser",PHYSICAL,Irrigation Parts,,6.95,,Cost of Goods Sold,"Riser 6"" x .75"
Misc,,,,,,,,Misc,PHYSICAL,Irrigation Parts,,103,,Cost of Goods Sold,Rubber Parts Kit
Misc,,,"1""",,,,Scrubber Valve Diaphragm,"Misc - 1"" - Scrubber Valve Diaphragm",PHYSICAL,Irrigation Parts,,89.95,,Cost of Goods Sold,"Scrubber Valve Diaphragm - 1"""
Misc,,,,,,,Scrubber Valve Solenoid,Misc - Scrubber Valve Solenoid,PHYSICAL,Irrigation Parts,,65.87,,Cost of Goods Sold,Scrubber Valve Solenoid
Misc,,,,Hunter,,,"Sensor - Wireless, Rain/Freeze","Misc - Hunter - Sensor - Wireless, Rain/Freeze",PHYSICAL,Irrigation Parts,,345,,Cost of Goods Sold,"Sensor - Wireless, Rain/Freeze (Hunter)"
Misc,,,,Hunter,,,Solenoid,Misc - Hunter - Solenoid,PHYSICAL,Irrigation Parts,,28.72,,Cost of Goods Sold,Solenoid (Hunter)
Misc,,,,Irritrol,,,Solenoid,Misc - Irritrol - Solenoid,PHYSICAL,Irrigation Parts,,39.55,,Cost of Goods Sold,Solenoid 24v (Irritrol)
Misc,,,,LEIT,,,Solenoid Adapter,Misc - LEIT - Solenoid Adapter,PHYSICAL,Irrigation Parts,,19.67,,Cost of Goods Sold,Solenoid Adapter (LEIT)
Misc,,,,,,,Solenoid Bushing,Misc - Solenoid Bushing,PHYSICAL,Irrigation Parts,,8.95,,Cost of Goods Sold,Solenoid Bushing
Misc,,,,Rainbird,,,Solenoid,Misc - Rainbird - Solenoid,PHYSICAL,Irrigation Parts,,33.56,,Cost of Goods Sold,Solenoid (RD)
Misc,,,,,,,Teflon Tape,Misc - Teflon Tape,SERVICE,Irrigation Parts,,2.93,,Cost of Goods Sold,Teflon Tape
Misc,,,,,,,Valve Box Covers,Misc - Valve Box Covers,PHYSICAL,Irrigation Parts,,38.56,,Cost of Goods Sold,Valve Box Covers
Misc,,,,EBON,,,"Rubber Kit 3/4"" - 1.25""","Misc - EBON - Rubber Kit 3/4"" - 1.25""",PHYSICAL,Irrigation Parts,,189.78,,Cost of Goods Sold,"EBON Valve Rubber Kit 3/4"" - 1.25"""
Misc,NETAFIM,,,,,,Water Meter,Misc - NETAFIM - Water Meter,PHYSICAL,Irrigation Parts,,2490,,Cost of Goods Sold,NETAFIM WATER METER 2WMR ER GAL 1/10 GPP
Misc,,,,Weathermatic,,,Solenoid,Misc - Weathermatic - Solenoid,PHYSICAL,Irrigation Parts,,145,,Cost of Goods Sold,Weathermatic Solenoid
Misc,,,,,,,Wire Nuts,Misc - Wire Nuts,PHYSICAL,Irrigation Parts,,2.12,,Cost of Goods Sold,Wire Nuts
Misc,,,,,,,Wire Nuts Waterproof,Misc - Wire Nuts Waterproof,PHYSICAL,Irrigation Parts,,3.42,,Cost of Goods Sold,Wire Nuts Waterproof
Module,,,,Rainbird,,,3 Station Module,Module - Rainbird - 3 Station Module,PHYSICAL,Irrigation Parts,,96.53,,Cost of Goods Sold,3 Station Module
Module,,,,Ranier,,,3 Station Module,Module - Ranier - 3 Station Module,PHYSICAL,Irrigation Parts,,111.21,,Cost of Goods Sold,3 Station Module (Rainier)
Module,,,,Ranier,,,6 Station Module,Module - Ranier - 6 Station Module,PHYSICAL,Irrigation Parts,,200.34,,Cost of Goods Sold,6 Station Module (Rainier)
Module,,,,Hunter,,,i-Core - 6 Station Module,Module - Hunter - i-Core - 6 Station Module,PHYSICAL,Irrigation Parts,,216,,Cost of Goods Sold,6 Station Module i-Core (Hunter)
Module,,,,,,,,Module,PHYSICAL,Irrigation Parts,,1610.7,,Cost of Goods Sold,Controller 2 Wire Module
Module,,,,Hunter,,,IC-600,Module - Hunter - IC-600,PHYSICAL,Irrigation Parts,,247,,Cost of Goods Sold,6 Station Module
Module,,,,Hunter,,,ADM-99 Decoder Output Module,Module - Hunter - ADM-99 Decoder Output Module,PHYSICAL,Irrigation Parts,,1695,,Cost of Goods Sold,Decoder Output Module
Module,,,,Hunter,,,ICC-2 - 8 Station,Module - Hunter - ICC-2 - 8 Station,PHYSICAL,Irrigation Parts,,225,,Cost of Goods Sold,8 Station Module
Module,,,,Rainbird,,,ESP LXME - 12 station,Module - Rainbird - ESP LXME - 12 station,PHYSICAL,Irrigation Parts,,360,,Cost of Goods Sold,Rainbird ESP Module 12 Zone
Nipple,PVC,,"1.5""",,"12""",,,"Nipple - PVC - 1.5"" - 12""",PHYSICAL,Irrigation Parts,,8.25,,Cost of Goods Sold,"1.5""X12"" PVC Nipple SCH 80"
Nipple,PVC,,"1.5""",,"4""",,,"Nipple - PVC - 1.5"" - 4""",PHYSICAL,Irrigation Parts,,11.95,,Cost of Goods Sold,"1.5"" X 4"" PVC Nipple"
Nipple,PVC,,"1""",,"12""",,,"Nipple - PVC - 1"" - 12""",PHYSICAL,Irrigation Parts,,9.95,,Cost of Goods Sold,"1""X12"" Nipple"
Nipple,PVC,,"1""",,"4""",,,"Nipple - PVC - 1"" - 4""",PHYSICAL,Irrigation Parts,,7.95,,Cost of Goods Sold,"1"" x 4"" PVC Nipple"
Nipple,BRASS,,,,,,,Nipple - BRASS,PHYSICAL,Irrigation Parts,,49.95,,Cost of Goods Sold,"Brass Nipple 1x6"""
Nipple,BRASS,,"2""",,"3""",,,"Nipple - BRASS - 2"" - 3""",PHYSICAL,Irrigation Parts,,134.96,,Cost of Goods Sold,
Nipple,BRASS,,"2""",,"4""",,,"Nipple - BRASS - 2"" - 4""",PHYSICAL,Irrigation Parts,,181.3,,Cost of Goods Sold,
Nipple,BRASS,,"2""",,"6""",,,"Nipple - BRASS - 2"" - 6""",PHYSICAL,Irrigation Parts,,242.37,,Cost of Goods Sold,
Nipple,PVC,,"1""",,"18""",,,"Nipple - PVC - 1"" - 18""",PHYSICAL,Irrigation Parts,,12.95,,Cost of Goods Sold,"1""X18"" Nipple"
Nipple,PVC,,"1""",,"2""",,,"Nipple - PVC - 1"" - 2""",PHYSICAL,Irrigation Parts,,3.98,,Cost of Goods Sold,"PVC Nipple 1"" x 2"""
Nipple,PVC,,"1""",,"3""",,,"Nipple - PVC - 1"" - 3""",PHYSICAL,Irrigation Parts,,6.95,,Cost of Goods Sold,"PVC 1"" X 3"" Nipple"
Nipple,PVC,,"2""",,"24""",,,"Nipple - PVC - 2"" - 24""",PHYSICAL,Irrigation Parts,,24.95,,Cost of Goods Sold,"PVC Nipple 2"" x 24"""
Nipple,PVC,,"2""",,"3""",,,"Nipple - PVC - 2"" - 3""",PHYSICAL,Irrigation Parts,,11.56,,Cost of Goods Sold,"PVC Nipple 2"" x 3"""
Nipple,PVC,,"2""",,"4""",,,"Nipple - PVC - 2"" - 4""",PHYSICAL,Irrigation Parts,,12.56,,Cost of Goods Sold,"PVC Nipple 2"" x 4"""
Nipple,PVC,,"2""",,"6""",,,"Nipple - PVC - 2"" - 6""",PHYSICAL,Irrigation Parts,,13.56,,Cost of Goods Sold,"PVC Nipple 2"" x 6"""
Nipple,PVC,,".5""",,"2""",,,"Nipple - PVC - .5"" - 2""",PHYSICAL,Irrigation Parts,,3.85,,Cost of Goods Sold,"PVC Nipple .5"" x 2"""
Nipple,PVC,,"1.5""",,"6""",,,"Nipple - PVC - 1.5"" - 6""",PHYSICAL,Irrigation Parts,,12.56,,Cost of Goods Sold,"PVC Nipple 6"" x 1.5"""
Nipple,PVC,,".75""",,"2""",,,"Nipple - PVC - .75"" - 2""",PHYSICAL,Irrigation Parts,,3.45,,Cost of Goods Sold,"PVC Nipple .75"" x 2"""
Nipple,PVC,,".75""",,"4""",,,"Nipple - PVC - .75"" - 4""",PHYSICAL,Irrigation Parts,,4.98,,Cost of Goods Sold,"PVC Nipple .75' x 4"""
Nozzle,,,,,,,DJ Micro 360,Nozzle - DJ Micro 360,PHYSICAL,Irrigation Parts,,3.35,,Cost of Goods Sold,DJ Micros 360
Nozzle,,,,,,,Drip Emitter,Nozzle - Drip Emitter,PHYSICAL,Irrigation Parts,,0,,Cost of Goods Sold,
Nozzle,,,,,,,I20 - Rotor,Nozzle - I20 - Rotor,PHYSICAL,Irrigation Parts,,3.24,,Cost of Goods Sold,i20 Rotor Nozzle
Nozzle,,,,,,,I25,Nozzle - I25,PHYSICAL,Irrigation Parts,,2.45,,Cost of Goods Sold,I25 Nozzle
Nozzle,,,,,,,MicroJet Assembly,Nozzle - MicroJet Assembly,PHYSICAL,Irrigation Parts,,10.75,,Cost of Goods Sold,Micro Jet Spray Assembly
Nozzle,,,,,,,MicroSpray - 180°,Nozzle - MicroSpray - 180°,PHYSICAL,Irrigation Parts,,1.43,,Cost of Goods Sold,MicroSpray 180*
Nozzle,,,,,,,MicroSpray - 90°,Nozzle - MicroSpray - 90°,PHYSICAL,Irrigation Parts,,1.19,,Cost of Goods Sold,MicroSpray 90*
Nozzle,,,,,,,MicroSpray Adjustable - 180°,Nozzle - MicroSpray Adjustable - 180°,PHYSICAL,Irrigation Parts,,3.99,,Cost of Goods Sold,MicroSpray Adj 180*
Nozzle,,,,,,,MicroSpray Adjustable - 360°,Nozzle - MicroSpray Adjustable - 360°,PHYSICAL,Irrigation Parts,,2.47,,Cost of Goods Sold,MicroSpray Drip Nozzle
Nozzle,,,,,,,MP - 3000 - Blue,Nozzle - MP - 3000 - Blue,PHYSICAL,Irrigation Parts,,12.95,,Cost of Goods Sold,MP Nozzle 3000
Nozzle,,,,,,,MP Rotor 360 Gray,Nozzle - MP Rotor 360 Gray,PHYSICAL,Irrigation Parts,,19.36,,Cost of Goods Sold,MP Rotor 360 Gray
Nozzle,,,,,,,10' Half,Nozzle - 10' Half,PHYSICAL,Irrigation Parts,,3.98,,Cost of Goods Sold,Nozzle 10' Half
Nozzle,,,,,,,15',Nozzle - 15',PHYSICAL,Irrigation Parts,,4.25,,Cost of Goods Sold,Nozzle 15'
Nozzle,,,,,,,15' Adjustable Spray,Nozzle - 15' Adjustable Spray,PHYSICAL,Irrigation Parts,,4.25,,Cost of Goods Sold,Nozzle 15' Ad Spray
Nozzle,,,,,,,Center Strip,Nozzle - Center Strip,PHYSICAL,Irrigation Parts,,4.25,,Cost of Goods Sold,Nozzle Center Strip
Nozzle,,,,,,,"Set 8', 10', 12' 15'","Nozzle - Set 8', 10', 12' 15'",PHYSICAL,Irrigation Parts,,3.45,,Cost of Goods Sold,"Set Nozzle 8', 10' 12' or 15'"
Nozzle,,,,Hunter,,,PGJ Rotor Nozzle,Nozzle - Hunter - PGJ Rotor Nozzle,PHYSICAL,Irrigation Parts,,1.45,,Cost of Goods Sold,PGJ Rotor Nozzle
Nozzle,,,,Hunter,,,PGP Rotor Nozzle,Nozzle - Hunter - PGP Rotor Nozzle,PHYSICAL,Irrigation Parts,,3.45,,Cost of Goods Sold,PGP Rotor Nozzle
Pipe,Non-Pot PVC,,"1""",,,,,"Pipe - Non-Pot PVC - 1""",PHYSICAL,Irrigation Parts,,5.95,,Cost of Goods Sold,"1"" Non Pot Pvc Pipe per foot"
Pipe,Non-Pot PVC,,"2""",,,,,"Pipe - Non-Pot PVC - 2""",PHYSICAL,Irrigation Parts,,6.95,,Cost of Goods Sold,"2"" non pot PVC pipe per foot"
Pipe,Non-Pot PVC,,"4""",,,,,"Pipe - Non-Pot PVC - 4""",PHYSICAL,Irrigation Parts,,23.95,,Cost of Goods Sold,"4"" PVC Non Potable per foot"
Pipe,PVC,,"4""",,,Slip Coupler,,"Pipe - PVC - 4"" - Slip Coupler",PHYSICAL,Irrigation Parts,,28.95,,Cost of Goods Sold,"4"" PVC Slip Coupler"
Pipe,PVC,,"8""",,,,,"Pipe - PVC - 8""",PHYSICAL,Irrigation Parts,,21.95,,Cost of Goods Sold,
Pipe,COPPER,,"1""",,,,,"Pipe - COPPER - 1""",PHYSICAL,Irrigation Parts,,63,,Cost of Goods Sold,"Copper Pipe 1"""
Pipe,COPPER,,".5""",,,,,"Pipe - COPPER - .5""",PHYSICAL,Irrigation Parts,,4.95,,Cost of Goods Sold,"Copper Pipe 1/2"""
Pipe,COPPER,,"1.5""",,,,,"Pipe - COPPER - 1.5""",PHYSICAL,Irrigation Parts,,,0,Cost of Goods Sold,
Pipe,COPPER,,"2""",,,,,"Pipe - COPPER - 2""",PHYSICAL,Irrigation Parts,,,0,Cost of Goods Sold,"2"" Copper Pipe"
Pipe,COPPER,,".75""",,,,,"Pipe - COPPER - .75""",PHYSICAL,Irrigation Parts,,32.32,,Cost of Goods Sold,"Copper Pipe .75"""
Pipe,COPPER,,".25""",,,,,"Pipe - COPPER - .25""",PHYSICAL,Irrigation Parts,,26.26,,Cost of Goods Sold,"Copper Tubing 1"""
Pipe,COPPER,,".75""",,,,,"Pipe - COPPER - .75""",PHYSICAL,Irrigation Parts,,8.4,,Cost of Goods Sold,"Copper Tubing .75"""
Pipe,DRIP,,,,,,Tubing,Pipe - DRIP - Tubing,PHYSICAL,Irrigation Parts,,0.74,,Cost of Goods Sold,"Drip Emitter Tubing .25"""
Pipe,NETAFIM,,STD,,,,,Pipe - NETAFIM - STD,PHYSICAL,Irrigation Parts,,2.99,,Cost of Goods Sold,Netafim Drip Piping (priced per foot)
Pipe,POLY,,"1""",,,,,"Pipe - POLY - 1""",PHYSICAL,Irrigation Parts,,2.45,,Cost of Goods Sold,"Poly Pipe NFL 100 lb. 1"""
Pipe,POLY,,"1.5""",,,,,"Pipe - POLY - 1.5""",PHYSICAL,Irrigation Parts,,3.45,,Cost of Goods Sold,"Poly Pipe 1.5"""
Pipe,POLY,,".5""",,,,,"Pipe - POLY - .5""",PHYSICAL,Irrigation Parts,,1.89,,Cost of Goods Sold,"Poly Pipe .5"""
Pipe,POLY,,".75""",,,,,"Pipe - POLY - .75""",PHYSICAL,Irrigation Parts,,2.25,,Cost of Goods Sold,"Poly Pipe .75"""
Pipe,Non-Pot POLY,,".75""",,,,,"Pipe - Non-Pot POLY - .75""",PHYSICAL,Irrigation Parts,,7.95,,Cost of Goods Sold,Not potable pipe per foot
Pipe,PVC,,"1""",,,,,"Pipe - PVC - 1""",PHYSICAL,Irrigation Parts,,4.98,,Cost of Goods Sold,"PVC Pipe 1"""
Pipe,PVC,,"1.25""",,,,,"Pipe - PVC - 1.25""",PHYSICAL,Irrigation Parts,,5.87,,Cost of Goods Sold,PVC Pipe 1.25
Pipe,PVC,,"1.5""",,,,,"Pipe - PVC - 1.5""",PHYSICAL,Irrigation Parts,,6.45,,Cost of Goods Sold,"PVC Pipe 1.5"""
Pipe,PVC,,"2""",,,,,"Pipe - PVC - 2""",PHYSICAL,Irrigation Parts,,7.98,,Cost of Goods Sold,"PVC Pipe 2"""
Pipe,PVC,,"3""",,,,,"Pipe - PVC - 3""",PHYSICAL,Irrigation Parts,,16.67,,Cost of Goods Sold,"PVC Pipe 3"""
Pipe,,,,,,,Swing Pipe,Pipe - Swing Pipe,PHYSICAL,Irrigation Parts,,3.45,,Cost of Goods Sold,Swing Pipe
Rental,,,,,,,Electric Water Pump Rental,Rental - Electric Water Pump Rental,PHYSICAL,Irrigation Parts,,45,,Cost of Goods Sold,
Rental,,,,,,,Milwaulkee Electric Pump Rental,Rental - Milwaulkee Electric Pump Rental,SERVICE,Irrigation Parts,,89.95,,Cost of Goods Sold,Milwaulkee Electric Pump Rental
Rental,,,,,,,Wire Locator,Rental - Wire Locator,SERVICE,Irrigation Parts,,75,,Cost of Goods Sold,Wire Locator
Service,BACKFLOW,,"1.5""",,,,,"Service - BACKFLOW - 1.5""",SERVICE,Irrigation Parts,,150,,Professional Service,Backflow Certification
Service,BACKFLOW,,"1""",,,,,"Service - BACKFLOW - 1""",SERVICE,Irrigation Parts,,175,,Cost of Goods Sold,Backflow Certification
Service,BACKFLOW,,"2""",,,,,"Service - BACKFLOW - 2""",SERVICE,Irrigation Parts,,125,,Cost of Goods Sold,Backflow Certification
Service,,,,,,,Backflow Storage,Service - Backflow Storage,SERVICE,Irrigation Parts,,75,,Cost of Goods Sold,Winter Storage for Backflow
Valve,,,"12""",,,,Hose Bib,"Valve - 12"" - Hose Bib",PHYSICAL,Irrigation Parts,,129.95,,Cost of Goods Sold,"12"" Freeze Wall Hose Bib"
Valve,PVC,,"1.5""",,,,High Pressure (Grey),"Valve - PVC - 1.5"" - High Pressure (Grey)",PHYSICAL,Irrigation Parts,,385.95,,Cost of Goods Sold,"1.5"" Ball Valve Grey"
Valve,PVC,,"1""",,,,High Pressure (Grey),"Valve - PVC - 1"" - High Pressure (Grey)",PHYSICAL,Irrigation Parts,,275.95,,Cost of Goods Sold,"1"" Ball Valve Grey with Union"
Valve,,,"1""",Hunter,,,Drip Zone,"Valve - 1"" - Hunter - Drip Zone",PHYSICAL,Irrigation Parts,,117.95,,Cost of Goods Sold,1' Hunter Drip Zone Kit w/PGV 25 PSI REG
Valve,PVC,,"1""",Rainbird,,,PE,"Valve - PVC - 1"" - Rainbird - PE",PHYSICAL,Irrigation Parts,,155.16,,Cost of Goods Sold,
Valve,BRASS,,"2""",Aqualine,,Angle,,"Valve - BRASS - 2"" - Aqualine - Angle",PHYSICAL,Irrigation Parts,,221.42,,Cost of Goods Sold,
Valve,BRASS,,"2""",Rainbird,,,,"Valve - BRASS - 2"" - Rainbird",PHYSICAL,Irrigation Parts,,495,,Cost of Goods Sold,"2"" Brass Valve Rainbird EFB CP Brass"
Valve,,,"1.5""",,,Ball Valve,,"Valve - 1.5"" - Ball Valve",PHYSICAL,Irrigation Parts,,136.34,,Cost of Goods Sold,"EBON 1.5"" Ball Valve"
Valve,BRASS,,"1""",,,Ball Valve,,"Valve - BRASS - 1"" - Ball Valve",PHYSICAL,Irrigation Parts,,117.25,,Cost of Goods Sold,"Brass Ball Valve 1"""
Valve,BRASS,,"1""",,,Ball Valve,w/ Drain,"Valve - BRASS - 1"" - Ball Valve - w/ Drain",PHYSICAL,Irrigation Parts,,134.95,,Cost of Goods Sold,
Valve,BRASS,,"2""",,,Ball Valve,,"Valve - BRASS - 2"" - Ball Valve",PHYSICAL,Irrigation Parts,,205.99,,Cost of Goods Sold,Brass Ball Valve
Valve,BRASS,,".75""",,,Ball Valve,,"Valve - BRASS - .75"" - Ball Valve",PHYSICAL,Irrigation Parts,,117.95,,Cost of Goods Sold,
Valve,BRASS,,".75""",,,Ball Valve,,"Valve - BRASS - .75"" - Ball Valve",PHYSICAL,Irrigation Parts,,49.95,,Cost of Goods Sold,"Brass Ball Valve .75"""
Valve,BRASS,,"1.5""",Rainbird,,,EF,"Valve - BRASS - 1.5"" - Rainbird - EF",PHYSICAL,Irrigation Parts,,245.89,,Cost of Goods Sold,"1.5"" Rainbird Brass Valve"
Valve,,,"1.5""",,,Check Valve,Assembly,"Valve - 1.5"" - Check Valve - Assembly",PHYSICAL,Irrigation Parts,,234,,Cost of Goods Sold,"Check Assembly 1.5"""
Valve,,,".75""",,,Check Valve,Assembly,"Valve - .75"" - Check Valve - Assembly",PHYSICAL,Irrigation Parts,,89.45,,Cost of Goods Sold,"EBON Check Assay 3/4"" (825Y)"
Valve,,,"1""",,,,Drip Control Zone Kit,"Valve - 1"" - Drip Control Zone Kit",PHYSICAL,Irrigation Parts,,134.63,,Cost of Goods Sold,"Control Kit 1"""
Valve,COPPER,,".5""",,,Ball Valve,,"Valve - COPPER - .5"" - Ball Valve",PHYSICAL,Irrigation Parts,,38.95,,Cost of Goods Sold,"Copper Ball Valve 1/2"""
Valve,DRIP,,"1""",,,,,"Valve - DRIP - 1""",PHYSICAL,Irrigation Parts,,329.95,,Cost of Goods Sold,"Rainbird Drip Valve Kit 1"""
Valve,,,"1""",Hunter,,,Straight Valve w/FC,"Valve - 1"" - Hunter - Straight Valve w/FC",PHYSICAL,Irrigation Parts,,230,,Cost of Goods Sold,"Hunter 1"" Straight Valve w/FC, Filter Sentry"
Valve,,,"1""",Hunter,,,,"Valve - 1"" - Hunter",PHYSICAL,Irrigation Parts,,198.95,,Cost of Goods Sold,
Valve,PVC,,"2""",Irritrol,,,,"Valve - PVC - 2"" - Irritrol",PHYSICAL,Irrigation Parts,,253.95,,Cost of Goods Sold,"Irritrol 2"" Plastic Straight Valve"
Valve,PVC,,"1.5""",Irritrol,,,,"Valve - PVC - 1.5"" - Irritrol",PHYSICAL,Irrigation Parts,,279.45,,Cost of Goods Sold,"1.5"" w/FC"
Valve,PVC,,,,,,,Valve - PVC,PHYSICAL,Irrigation Parts,,99.95,,Cost of Goods Sold,"PVC 1.5"" COMPACT 2000 235 psi"
Valve,PVC,,"1""",,,Ball Valve,,"Valve - PVC - 1"" - Ball Valve",PHYSICAL,Irrigation Parts,,70.28,,Cost of Goods Sold,"PVC Ball Valve 1"""
Valve,PVC,,"2""",,,Ball Valve,,"Valve - PVC - 2"" - Ball Valve",PHYSICAL,Irrigation Parts,,94.21,,Cost of Goods Sold,"PVC Ball Valve 2"""
Valve,,,"1.5""",Rainbird,,,PEB,"Valve - 1.5"" - Rainbird - PEB",PHYSICAL,Irrigation Parts,,229,,Cost of Goods Sold,"Rainbird 1.5"" PEB Valve"
Valve,,,"1""",Rainbird,,,PEB,"Valve - 1"" - Rainbird - PEB",PHYSICAL,Irrigation Parts,,179,,Cost of Goods Sold,"Rainbird 1"" PEB Valve"
Valve,,,"1""",Rainbird,,,PGA Series STR/ANG Valve,"Valve - 1"" - Rainbird - PGA Series STR/ANG Valve",PHYSICAL,Irrigation Parts,,47.55,,Cost of Goods Sold,
Valve,,,"1""",,,,Scrubber,"Valve - 1"" - Scrubber",PHYSICAL,Irrigation Parts,,325,,Cost of Goods Sold,"Scrubber Valve 1"""
Valve,,,"1.5""",,,,Scrubber,"Valve - 1.5"" - Scrubber",PHYSICAL,Irrigation Parts,,255,,Cost of Goods Sold,"Scrubber Valve 1.5"""
Valve,,,"2""",,,,Scrubber,"Valve - 2"" - Scrubber",PHYSICAL,Irrigation Parts,,378,,Cost of Goods Sold,"Scrubber Valve 2"""
Valve,,,".75""",,,,Shutoff Valve,"Valve - .75"" - Shutoff Valve",PHYSICAL,Irrigation Parts,,39.95,,Cost of Goods Sold,
Valve,BRASS,,"1.5""",,,,Stop & Waste,"Valve - BRASS - 1.5"" - Stop & Waste",PHYSICAL,Irrigation Parts,,489.95,0,Cost of Goods Sold,"Stop & Waste 1.5"" - Brass"
Valve,BRASS,,"2""",,,,Stop & Waste,"Valve - BRASS - 2"" - Stop & Waste",PHYSICAL,Irrigation Parts,,795.95,0,Cost of Goods Sold,"Stop & Waste 2"""
Valve,BRASS,,"1""",,,,Stop & Waste,"Valve - BRASS - 1"" - Stop & Waste",PHYSICAL,Irrigation Parts,,380,,Cost of Goods Sold,"Stop & Waste - 1"""
Valve,BRASS,,".75""",,,,Stop & Waste,"Valve - BRASS - .75"" - Stop & Waste",PHYSICAL,Irrigation Parts,,234.76,,Cost of Goods Sold,"Stop & Waste Valve .75"""
Valve,PVC,,"1.5""",,,,Regular Pressure (White),"Valve - PVC - 1.5"" - Regular Pressure (White)",PHYSICAL,Irrigation Parts,,268.46,,Cost of Goods Sold,"Straight Valve 1.5"" Plastic with NW-FCC"
Valve,PVC,,"1""",,,,Regular Pressure (White),"Valve - PVC - 1"" - Regular Pressure (White)",PHYSICAL,Irrigation Parts,,167.33,,Cost of Goods Sold,"Straight Valve 1"" Plastic"
Valve,PVC,,"1""",,,,High Pressure (Grey),"Valve - PVC - 1"" - High Pressure (Grey)",PHYSICAL,Irrigation Parts,,324.78,,Cost of Goods Sold,"Straight Valve 1"" Gray with NW/FCC"
Valve,PVC,,".75""",,,,Regular Pressure (White),"Valve - PVC - .75"" - Regular Pressure (White)",PHYSICAL,Irrigation Parts,,54.88,,Cost of Goods Sold,"Straight Valve .75"" Plastic"
Valve,,,"1.5""",Rainbird,,,POE,"Valve - 1.5"" - Rainbird - POE",PHYSICAL,Irrigation Parts,,232.71,,Cost of Goods Sold,"Valve 1.5"" Plastic"
Valve,,,"1""",Rainbird,,,POE,"Valve - 1"" - Rainbird - POE",PHYSICAL,Irrigation Parts,,245.59,,Cost of Goods Sold,"Valve 1"" Plastic POE"
Valve,,,,Hunter,,,,Valve - Hunter,PHYSICAL,Irrigation Parts,,54.26,,Cost of Goods Sold,"Valve 1"" Plastic Straight (Hunter)"
Valve,,,,Matco,,,,Valve - Matco,PHYSICAL,Irrigation Parts,,1006.89,,Cost of Goods Sold,"Valve 3"" Gate with/ Gasket (Matco)"
Valve,,,"1""",Weathermatic,,,,"Valve - 1"" - Weathermatic",PHYSICAL,Irrigation Parts,,78,,Cost of Goods Sold,Weathermatic 1' Gray Valve
Valve,,,"1.5""",Weathermatic,,,,"Valve - 1.5"" - Weathermatic",PHYSICAL,Irrigation Parts,,229.38,,Cost of Goods Sold,"Weathermatic 1.5"" Valve W/FC"
Wire,,,,,,,14 GUAGE,Wire - 14 GUAGE,PHYSICAL,Irrigation Parts,,1.79,,Cost of Goods Sold,14 gauge wire per foot
Wire,,,,,,,2 Wire strand - 14 Guage,Wire - 2 Wire strand - 14 Guage,PHYSICAL,Irrigation Parts,,4.95,,Cost of Goods Sold,2 Wire System Strand Wire
Wire,,,,,,,18 Guage,Wire - 18 Guage,PHYSICAL,Irrigation Parts,,2.5,,Cost of Goods Sold,Irrigation Wire 18 Gauge
Wire,,,,,,,4 strand - 14 guage,Wire - 4 strand - 14 guage,PHYSICAL,Irrigation Parts,,57.6,,Cost of Goods Sold,Irrigation Wire 4 Strand
Wire,,,,Romex,,,14 Gauge,Wire - Romex - 14 Gauge,PHYSICAL,Irrigation Parts,,,,Cost of Goods Sold,14 gauge - 2 wire
,,,,,,,,"6"" Spray 40 psi GREG NW/CAVE",PHYSICAL,Irrigation Parts,,36.68,,Cost of Goods Sold,"6"" Spray 40psi GREG NW/CAVE gray cap (Hunter)"
,,,,,,,,".75"" FIPXINS ADAPTER",PHYSICAL,Irrigation Parts,,18.6,,Cost of Goods Sold,.75 FIPXPINS ADAPTER
,,,,,,,,Backlog Textcock Valve,PHYSICAL,Irrigation Parts,,28.85,,Cost of Goods Sold,Backlog Textcock Valve
,,,,,,,,"Repair Kit 1""",PHYSICAL,Irrigation Parts,,145,,Cost of Goods Sold,"Repair Kit 1"""
,,,,,,,,"Repair Kit .75""",PHYSICAL,Irrigation Parts,,145,,Cost of Goods Sold,"Repair Kit .75"""