Part Type,Material,INSERT,Size,Brand,Length,Fitting Type,Detail,Product/Service Name,SKU,Price,Cost,Sales Description
Backflow,,,"1.5""",Febco,,,,"Backflow - 1.5"" - Febco",,2464.57,,"1.5"" FEBCO Angle Reduced Pressure Assembly"
Backflow,,,"1""",Febco,,,,"Backflow - 1"" - Febco",,595,,
Backflow,,,".75""",Febco,,,,"Backflow - .75"" - Febco",,905.84,,"EBON reduced pressure assembly 3/4"" backlog"
Backflow,,,"1""",EBON,,,Pressure Vacuum Breaker,"Backflow - 1"" - EBON - Pressure Vacuum Breaker",,348,,"EBON Pressure Vacuum Breaker 1"""
Backflow,,,".75""",EBON,,,,"Backflow - .75"" - EBON",,301.66,,"EBON Pressure Vacuum Breaker 3/4"""
Backflow,,,".75""",Wilkins,,,720A,"Backflow - .75"" - Wilkins - 720A",,532.99,,"Wilkinson 720a 3/4"" Backlog"
Bushing,PVC,,"4""",,,,"2"" x 1""","Bushing - PVC - 4"" - 2"" x 1""",,14.95,,"SCHEDULE 40 PVC BUSHING 2""x1"""
Bushing,PVC,,"4""",,,,"4"" x 2""","Bushing - PVC - 4"" - 4"" x 2""",,48.95,,"SCHEDULE 40 PVC BUSHING 4""x2"""
Bushing,PVC,,"1""",,,,,"Bushing - PVC - 1""",,8.86,,"PVC Bushing 2' x 1"""
Bushing,PVC,,"1.5""",,,,,"Bushing - PVC - 1.5""",,9,,"PVC Bushing 1.5"""
Bushing,PVC,,"2.5""",,,,,"Bushing - PVC - 2.5""",,12,,"PVC Bushing 2.5"""
Controller,,,,,,,,Controller,,406.8,,Controller 12 Station
Controller,,,,LEIT,,,16 Station Solar,Controller - LEIT - 16 Station Solar,,2432.19,,Controller 16 Station Solar Powered (LEIT)
Controller,,,,Hunter,,,1 Station,Controller - Hunter - 1 Station,,315,,Controller 1 Station Battery (Hunter)
Controller,,,,LEIT,,,24 Station Solar,Controller - LEIT - 24 Station Solar,,2926.675,,Controller 24 Station Solar Powered (LEIT)
Controller,,,,Hunter,,,2 Station,Controller - Hunter - 2 Station,,423,,Controller 2-Station Node (Hunter)
Controller,,,,Hunter,,,4 Station Battery,Controller - Hunter - 4 Station Battery,,513.025,,Controller 4-Station Battery (Hunter)
Controller,,,,,,,,Controller,,338.75,,"Controller 4 Station Base Modular, Outdoor"
Controller,,,,Hunter,,,Pro-AC - 4 Station Outdoor ,Controller - Hunter - Pro-AC - 4 Station Outdoor ,,330,,Controller 4 Station Pro-AC Outdoor Base Unit (Hunter)
Controller,,,,Hunter,,,8 Station,Controller - Hunter - 8 Station,,426.6,,Controller 8 Station (Hunter)
Controller,,,,Hunter,,,Pro-AC - 9 Station Module,Controller - Hunter - Pro-AC - 9 Station Module,,330,,Controller 9 Station Module for Pro-AC
Controller,,,,Hunter,,,i-Core,Controller - Hunter - i-Core,,1144.5,,i-Core Irrigation Controller
Controller,,,,Hunter,,,i-Core - 6 Station - Metal,Controller - Hunter - i-Core - 6 Station - Metal,,3022.2,,"Controller 6 Station i-Core Base, Stainless"
Controller,,,,Ranier,,,,Controller - Ranier,,358.85,,Controller (Ranier)
Controller,,,,,,,,Controller,,459,,Controller 1 Station Wireless Module
Controller,,,,Hunter,,,IC-600 - Metal Case,Controller - Hunter - IC-600 - Metal Case,,1595,,
Controller,,,,Hunter,,,i-Core,Controller - Hunter - i-Core,,1595,,
Controller,,,,Hunter,,,ICC-2 - 8 Station - Plastic,Controller - Hunter - ICC-2 - 8 Station - Plastic,,549.95,,Hunter ICC2 Controller - includes on 8 station module - Plastic box
Controller,,,,Hunter,,,ICC-2 - 8 Station - Metal Case,Controller - Hunter - ICC-2 - 8 Station - Metal Case,,895,,
Controller,,,,Hunter,,,X-Core - 6 station,Controller - Hunter - X-Core - 6 station,,245.95,,Hunter X-Core Controller (6) Station
Controller,,,,Rainbird,,,ESP LXME - 12 station,Controller - Rainbird - ESP LXME - 12 station,,995,,Rainbird ESP LXME Controller
Decoder,,,,Hunter,,,ACC,Decoder - Hunter - ACC,,264.83,,
Decoder,,,,Hunter,,,ICD-100,Decoder - Hunter - ICD-100,,285,,Hunter Decoder ICD - 100
Decoder,,,,Hunter,,,ACC - Sensor Decoder,Decoder - Hunter - ACC - Sensor Decoder,,1008.8,,
Decoder,,,,Rainbird,,,Turf Decoder FD - 101,Decoder - Rainbird - Turf Decoder FD - 101,,229.95,,Rainbird Turf Decoder FD - 101
Filter,,,"1""",,,,Drip Assembly,"Filter - 1"" - Drip Assembly",,109.95,,
Filter,,,"1""",Rainbird,,,Check Basket,"Filter - 1"" - Rainbird - Check Basket",,42.95,,"1"" Rainbird Quick Check Basket Filter"
Filter,NETAFIM,,,,,,,Filter - NETAFIM,,21.95,,Netafim Drip Filter
Filter,,,,,,,Pop Up Filter,Filter - Pop Up Filter,,2.45,,
Filter,,,".75""",Rainbird,,,Pressure Regulating,"Filter - .75"" - Rainbird - Pressure Regulating",,28.95,,"3/4"" Pressure Regulating Filter"
Fitting,COPPER,,".5""",,,90° Coupler,,"Fitting - COPPER - .5"" - 90° Coupler",,8.95,,"1/2"" Copper 90"
Fitting,COPPER,,"1.5""",,,Union,,"Fitting - COPPER - 1.5"" - Union",,167.6,,
Fitting,COPPER,,"1.5""",,,Male Adapter,,"Fitting - COPPER - 1.5"" - Male Adapter",,43.69,,
Fitting,BRASS,,"1""",,,90° Coupler,Thread to Slip,"Fitting - BRASS - 1"" - 90° Coupler - Thread to Slip",,48.95,,
Fitting,BRASS,,"1""",,,90° Coupler,w/ Drain,"Fitting - BRASS - 1"" - 90° Coupler - w/ Drain",,48.95,,
Fitting,COPPER,,"1""",,,45° Coupler,,"Fitting - COPPER - 1"" - 45° Coupler",,54.95,,
Fitting,COPPER,,"1""",,,Union,,"Fitting - COPPER - 1"" - Union",,42.95,,"1"" Copper Union"
Fitting,,,"1""",Mcdonald,,,3 PT QUIK COUPLER,"Fitting - 1"" - Mcdonald - 3 PT QUIK COUPLER",,95.72,,"1"" MCDONALD 3 PT MC QUIK COUPLER"
Fitting,,,"1""",Mcdonald,,,MC QUIK ADAPTER,"Fitting - 1"" - Mcdonald - MC QUIK ADAPTER",,81.42,,"1"" MCDONALD MC QUIK ADAPTER"
Fitting,PVC,,"1""",,,Cap,,"Fitting - PVC - 1"" - Cap",,14.95,,
Fitting,PVC,,"1""",,,45° Coupler,,"Fitting - PVC - 1"" - 45° Coupler",,12.95,,"1"" PVC Coupler 45 degree"
Fitting,PVC,,"1""",,,Tee,,"Fitting - PVC - 1"" - Tee",,8.95,,"1"" PVC TEE"
Fitting,,,"2""",,,J Coupler,,"Fitting - 2"" - J Coupler",,14.45,,"2"" SlipxSlip J Coupler"
Fitting,PVC,,"2""",,,Tee,,"Fitting - PVC - 2"" - Tee",,13.95,,"2"" T Coupler"
Fitting,PVC,,"3""",,,Slip Coupler,,"Fitting - PVC - 3"" - Slip Coupler",,36.95,,"3"" Slip Coupler"
Fitting,,,"4""",Leemco,,Coupler,,"Fitting - 4"" - Leemco - Coupler",,472.95,,"4"" LEEMCO REPAIR COUPLER SELF RESTRAINED"
Fitting,PVC,,"4""",,,45° Coupler,,"Fitting - PVC - 4"" - 45° Coupler",,34.95,,"4"" PVC 45 degree slip coupler"
Fitting,PVC,,"4""",,,90° Coupler,,"Fitting - PVC - 4"" - 90° Coupler",,42.94,,
Fitting,PVC,,"4""",,,Male Adapter,,"Fitting - PVC - 4"" - Male Adapter",,37.95,,
Fitting,PVC,,"4""",,,Tee,,"Fitting - PVC - 4"" - Tee",,107.95,,SCHEDULE 40 PVC TEE SLIP
Fitting,PVC,,"4""",,,Slip-Fix,,"Fitting - PVC - 4"" - Slip-Fix",,168.95,,
Fitting,PVC,,"4""",,,Tee,"4"" x 4"" x 1""","Fitting - PVC - 4"" - Tee - 4"" x 4"" x 1""",,56.95,,
Fitting,PVC,,".5""",,,Cap,,"Fitting - PVC - .5"" - Cap",,5.95,,".5"" PVC CAP"
Fitting,BACKFLOW,,".125""",,,Testcock,,"Fitting - BACKFLOW - .125"" - Testcock",,23.33,,"Backlog Testcock 1/8"""
Fitting,BRASS,,".75""",,,Cap,,"Fitting - BRASS - .75"" - Cap",,12.97,,Brass Cap for Backlog Valve
Fitting,BRASS,,"2""",,,Coupler,,"Fitting - BRASS - 2"" - Coupler",,154.79,,
Fitting,BRASS,,".75""",,,Coupler,,"Fitting - BRASS - .75"" - Coupler",,37.84,,"Brass Coupler .75"""
Fitting,COPPER,,"1""",,,Coupler,,"Fitting - COPPER - 1"" - Coupler",,28.6,,"Copper Coupler 1"""
Fitting,COPPER,,"1.5""",,,Coupler,,"Fitting - COPPER - 1.5"" - Coupler",,,0,"Copper Coupler 1.5"""
Fitting,COPPER,,"2""",,,Coupler,,"Fitting - COPPER - 2"" - Coupler",,219.95,0,"Copper Coupler - 2"""
Fitting,COPPER,,".75""",,,Coupler,,"Fitting - COPPER - .75"" - Coupler",,25.21,,"Copper Coupler .75"""
Fitting,COPPER,,".25""",,,Coupler,,"Fitting - COPPER - .25"" - Coupler",,10.7,,"Copper Coupling .25"""
Fitting,COPPER,,".25""",,,Cap,,"Fitting - COPPER - .25"" - Cap",,5.325,,"Copper Drain Cap .25"""
Fitting,COPPER,,"1""",,,90° Coupler,,"Fitting - COPPER - 1"" - 90° Coupler",,28.95,,
Fitting,COPPER,,".75""",,,90° Coupler,,"Fitting - COPPER - .75"" - 90° Coupler",,16.12,,"Copper Elbow .75"""
Fitting,COPPER,,".75""",,,Female Adapter,,"Fitting - COPPER - .75"" - Female Adapter",,32.95,,"Copper Female Adapter .75"""
Fitting,COPPER,,"1""",,,Male Adapter,,"Fitting - COPPER - 1"" - Male Adapter",,54.26,,"Copper Male Adapter 1"""
Fitting,COPPER,,".75""",,,Male Adapter,,"Fitting - COPPER - .75"" - Male Adapter",,19.16,,"Copper Male Adapter .75"""
Fitting,COPPER,,".375""",,,Plug,,"Fitting - COPPER - .375"" - Plug",,23.32,,"Copper Plug 3/8"""
Fitting,COPPER,,"1""",,,Union,Cast,"Fitting - COPPER - 1"" - Union - Cast",,50.71,,"Copper Union 1"" Cast"
Fitting,PVC,,"1.5""",,,Slip Coupler,,"Fitting - PVC - 1.5"" - Slip Coupler",,4.8,,"PVC Coupler 1.5"" Slip"
Fitting,,,,Febco,,Ball Valve,Tapped,Fitting - Febco - Ball Valve - Tapped,,135.95,,"!"" Febco Tapped Ball Valve"
Fitting,,Insert,"1""",,,90° Coupler,,"Fitting - Insert - 1"" - 90° Coupler",,3.8,,"Insert 90 1"""
Fitting,,Insert,"1""",,,Coupler,,"Fitting - Insert - 1"" - Coupler",,3.55,,"Insert Coupler 1"""
Fitting,,Insert,".5""",,,90° Coupler,,"Fitting - Insert - .5"" - 90° Coupler",,3.63,,"Insert 90 .5"""
Fitting,,Insert,".75""",,,90° Coupler,,"Fitting - Insert - .75"" - 90° Coupler",,3.73,,"Insert 90 .75"""
Fitting,,Insert,".75""",,,Adapter,,"Fitting - Insert - .75"" - Adapter",,2.23,,"Insert Adapter .75"""
Fitting,,Insert,"1""",,,Coupler,,"Fitting - Insert - 1"" - Coupler",,3.95,,
Fitting,,Insert,"1.5""",,,Coupler,,"Fitting - Insert - 1.5"" - Coupler",,4.1,,"Insert Coupler 1.5"""
Fitting,,Insert,"1""",,,Coupler,1x3/8 Swing Pipe,"Fitting - Insert - 1"" - Coupler - 1x3/8 Swing Pipe",,4.05,,Insert Coupler 1x3/8 Swing Pipe
Fitting,,Insert,".5""",,,Coupler,,"Fitting - Insert - .5"" - Coupler",,2.31,,"Insert Coupler .5"""
Fitting,,Insert,".75""",,,Coupler,,"Fitting - Insert - .75"" - Coupler",,2.99,,"Insert Coupler .75"""
Fitting,,Insert,"1""",,,Plug,,"Fitting - Insert - 1"" - Plug",,3.45,,"Insert Plug 1"""
Fitting,,Insert,".5""",,,Plug,,"Fitting - Insert - .5"" - Plug",,2.75,,"Insert Plug .5"""
Fitting,,Insert,".75""",,,Plug,,"Fitting - Insert - .75"" - Plug",,3.28,,"Insert Plug .75"""
Fitting,,Insert,"1""",,,Slip-Fix,,"Fitting - Insert - 1"" - Slip-Fix",,24.95,,Insert slip fix for black poly
Fitting,,Insert,"2""",,,Slip-Fix,,"Fitting - Insert - 2"" - Slip-Fix",,44.95,,"Insert Slip Fix 2"""
Fitting,,Insert,".75""",,,Slip-Fix,,"Fitting - Insert - .75"" - Slip-Fix",,21.95,,"Insert Slip Fix for Poly .75"""
Fitting,,Insert,"1""",,,Tee,,"Fitting - Insert - 1"" - Tee",,12.95,,"Poly Insert Tee 1"""
Fitting,,Insert,".75""",,,Tee,,"Fitting - Insert - .75"" - Tee",,5.2,,"Insert TEE .75"""
Fitting,,,"1""",,,,Manifold - 90° Swivel,"Fitting - 1"" - Manifold - 90° Swivel",,23.3,,"Manifold 90* Swivel - 1"""
Fitting,,,"1""",,,,Manifold - Cross,"Fitting - 1"" - Manifold - Cross",,24.85,,"Manifold 1"" Cross SW*AM*SW*SW*"
Fitting,,,"1""",,,,Manifold - Tee,"Fitting - 1"" - Manifold - Tee",,16.65,,"Manifold Tee 1"""
Fitting,,,"1""",,,,Manifold - Tee - Slip,"Fitting - 1"" - Manifold - Tee - Slip",,13.89,,"Manifold Tee 1"" Slip"
Fitting,NETAFIM,,,,,Coupler,,Fitting - NETAFIM - Coupler,,3.23,,Netafim Coupling
Fitting,NETAFIM,,,,,Male Adapter,"3/4"" x 1/2""","Fitting - NETAFIM - Male Adapter - 3/4"" x 1/2""",,4.95,,"3/4"" x 1/2"""
Fitting,NETAFIM,,,,,Tee,,Fitting - NETAFIM - Tee,,3.75,,Netafim Tee
Fitting,POLY,,,,,Adapter,"2"" x 1""","Fitting - POLY - Adapter - 2"" x 1""",,8.45,,"2"" x 1"" Poly Adapter"
Fitting,POLY,,"1""",,,Coupler,Stretch,"Fitting - POLY - 1"" - Coupler - Stretch",,29.28,,"Poly Stretch Coupler 1"""
Fitting,PVC,,"2""",,,45° Slip Coupler,,"Fitting - PVC - 2"" - 45° Slip Coupler",,12.61,,"PVC 45 Elbow 2"" Slip"
Fitting,PVC,,,,,90° Reducer,"1"" x 1/2""","Fitting - PVC - 90° Reducer - 1"" x 1/2""",,3.95,,"PVC 90 1""x1/2"""
Fitting,PVC,,"1""",,,90° Coupler,,"Fitting - PVC - 1"" - 90° Coupler",,9.98,,"PVC Elbow 1"""
Fitting,PVC,,"1.5""",,,90° Coupler,,"Fitting - PVC - 1.5"" - 90° Coupler",,12.56,,"PVC 90 Elbow 1.5"""
Fitting,PVC,,"2""",,,90° Coupler,,"Fitting - PVC - 2"" - 90° Coupler",,18.67,,"PVC 90 Elbow 2"""
Fitting,PVC,,".5""",,,90° Coupler,,"Fitting - PVC - .5"" - 90° Coupler",,3.89,,"PVC 90 Elbow .5"""
Fitting,PVC,,".75""",,,90° Coupler,,"Fitting - PVC - .75"" - 90° Coupler",,6.89,,"PVC Elbow .75"""
Fitting,PVC,,"3""",,,Cap,,"Fitting - PVC - 3"" - Cap",,38.18,,"PVC Cap 3"""
Fitting,PVC,,,,,Coupler,,Fitting - PVC - Coupler,,10.25,,"PVC Coupler 1"""
Fitting,PVC,,,,,Coupler,,Fitting - PVC - Coupler,,11.25,,"PVC Coupler 1.5"""
Fitting,PVC,,,,,Coupler,,Fitting - PVC - Coupler,,14.25,,"PVC Coupler 2"""
Fitting,PVC,,,,,Coupler,,Fitting - PVC - Coupler,,16.25,,"PVC Coupler 2"" slip"
Fitting,PVC,,,,,Coupler,,Fitting - PVC - Coupler,,28.25,,"PVC Coupler 3"""
Fitting,PVC,,,,,Coupler,,Fitting - PVC - Coupler,,44.95,,"3"" PVC Coupler 45 degree"
Fitting,PVC,,,,,Coupler,,Fitting - PVC - Coupler,,7.92,,"PVC Coupler .5"""
Fitting,PVC,,,,,Slip Coupler,,Fitting - PVC - Slip Coupler,,4.85,,"PVC Coupler .75"" Slip"
Fitting,PVC,,"1""",,,90° Slip Coupler,SCRIPT,"Fitting - PVC - 1"" - 90° Slip Coupler - SCRIPT",,24.95,,"PVC 90 elbow 1"" Slip SCRIPT"
Fitting,PVC,Insert,"1""",,,,Adapter,"Fitting - PVC - Insert - 1"" - Adapter",,10.4,,"PVC Insert Adopt 1"""
Fitting,PVC,,"1""",,,Male Adapter,,"Fitting - PVC - 1"" - Male Adapter",,14.95,,"PVC Male Adapter 1"""
Fitting,PVC,,"1.25""",,,Male Adapter,,"Fitting - PVC - 1.25"" - Male Adapter",,8.95,,"PVC Male Adapter 1.25"""
Fitting,PVC,,"1.5""",,,Male Adapter,,"Fitting - PVC - 1.5"" - Male Adapter",,9.95,,"PVC Male Adapter 1.5"""
Fitting,PVC,,"2""",,,Male Adapter,,"Fitting - PVC - 2"" - Male Adapter",,14.95,,
Fitting,PVC,,,,,Union,,Fitting - PVC - Union,,46,,"PVC Union 1"" Slip"
Fitting,PVC,,,,,Union,,Fitting - PVC - Union,,38,,"PVC Union .25"" Slip"
Fitting,,Insert,,Rainbird,,Adapter,SBE 050,Fitting - Insert - Rainbird - Adapter - SBE 050,,3.95,,
Fitting,PVC,,"1""",,,Union,Schedule 80,"Fitting - PVC - 1"" - Union - Schedule 80",,21.95,,"SCH 80 PVC UNION 1"" FPT"
Fitting,PVC,,"1""",,,,Slip to Thread,"Fitting - PVC - 1"" - Slip to Thread",,8.98,,"1"" 90 degree Slip x 1"" thread"
Fitting,PVC,,"1""",,,Slip Coupler,,"Fitting - PVC - 1"" - Slip Coupler",,7.95,,
Fitting,PVC,,"1""",,,Slip-Fix,,"Fitting - PVC - 1"" - Slip-Fix",,21.88,,"Slip Fix 1"""
Fitting,PVC,,"1.5""",,,Slip-Fix,,"Fitting - PVC - 1.5"" - Slip-Fix",,29.55,,"Slip Fix 1.5"""
Fitting,PVC,,"2""",,,Slip-Fix,,"Fitting - PVC - 2"" - Slip-Fix",,41.55,,"Slip Fix 2"""
Fitting,PVC,,".25""",,,Slip-Fix,,"Fitting - PVC - .25"" - Slip-Fix",,17.66,,"Slip Fix .25"""
Fitting,PVC,,"3""",,,Slip-Fix,,"Fitting - PVC - 3"" - Slip-Fix",,89.9,,"Slip Fix 3"""
Fitting,PVC,,"4""",,,Slip-Fix,,"Fitting - PVC - 4"" - Slip-Fix",,129.95,,"4"" Slip Fix"
Fitting,PVC,,".75""",,,Slip-Fix,,"Fitting - PVC - .75"" - Slip-Fix",,19.66,,"Slip Fix .75"""
Fitting,,,,,,,Sprinkler Cap,Fitting - Sprinkler Cap,,3.45,,Sprinkler Cap
Fitting,,,".75""",,,Swing Barb 90°,,"Fitting - .75"" - Swing Barb 90°",,3.89,,"Swing Barb .75"" Male 90"
Fitting,PVC,,"1.5""",,,Tee,,"Fitting - PVC - 1.5"" - Tee",,10.45,,"TEE 1/5"""
Fitting,PVC,,"1.5""",,,Tee,Slip,"Fitting - PVC - 1.5"" - Tee - Slip",,10.45,,"TEE 1.5"" Slip"
Fitting,PVC,,,,,Tee,"1"" x 1"" x 1/2""","Fitting - PVC - Tee - 1"" x 1"" x 1/2""",,3.25,,1x1x1/2 Tee
Fitting,PVC,,"2.5""",,,,,"Fitting - PVC - 2.5""",,29.45,,"TEE 2.5"""
Fitting,PVC,,"2""",,,,,"Fitting - PVC - 2""",,13.45,,"TEE 2"" PVC"
Fitting,PVC,,"3""",,,,,"Fitting - PVC - 3""",,68.06,,"TEE 3"""
Fitting,,Insert,".75""",,,Coupler,,"Fitting - Insert - .75"" - Coupler",,12.95,,
Head,,,"12""",Hunter,,,Pro Spray with Check,"Head - 12"" - Hunter - Pro Spray with Check",,31.56,,"12"" Pro Spray with Check"
Head,,,,Rainbird,,,1800,Head - Rainbird - 1800,,37.95,,
Head,,,,Hunter,,,I-25,Head - Hunter - I-25,,89.95,,Hunter I-25 Rotor
Head,,,,K-Rain,,,1804 Pop up,Head - K-Rain - 1804 Pop up,,31.89,,Pop Up Sprinkler Head
Head,,,,K-Rain,,,1806 Pop up,Head - K-Rain - 1806 Pop up,,24.95,,"6"" K rain pop up"
Head,,,,K-Rain,,,Pop up,Head - K-Rain - Pop up,,42.94,,"24"" K Rain"
Head,,,,Hunter,,,"PGJ Adjustable Rotor 4""","Head - Hunter - PGJ Adjustable Rotor 4""",,33.95,,"PGJ Adjustable Rotor 4"""
Head,,,,Hunter,,,PGP Adjustable Rotor,Head - Hunter - PGP Adjustable Rotor,,28.5,,PGP Adjustable Rotor
Head,,,,Hunter,,,PGP Ultra,Head - Hunter - PGP Ultra,,39.95,,PGP Ultra Rotor
Head,,,,Hunter,,,PGP with Check Valve,Head - Hunter - PGP with Check Valve,,39.76,,PGP with Check Valve
Head,,,,K-Rain,,,"Popup 12""","Head - K-Rain - Popup 12""",,39.89,,
Head,,,,Hunter,,,"Popup 12"" Pro Spray","Head - Hunter - Popup 12"" Pro Spray",,39.89,,"Popup 12"" Pro Spray"
Head,,,,Hunter,,,"Popup 6"" Pro Spray","Head - Hunter - Popup 6"" Pro Spray",,24.95,,"Popup 6"" Pro Spray (Hunter)"
Head,,,,Hunter,,,"Popup 6"" with check valve","Head - Hunter - Popup 6"" with check valve",,29.87,,"Popup 6"" with check valve (Hunter)"
Head,,,,Ranier,,,"Popup Head 6""","Head - Ranier - Popup Head 6""",,18.24,,"Popup Head 6"" (Rainier)"
Head,,,,Rainbird,,,Maxi Paw,Head - Rainbird - Maxi Paw,,89.95,,Rainbird Maxipaw Sprinkler Head
Head,,,,Rainbird,,,8005 NP,Head - Rainbird - 8005 NP,,212.67,,REBEL 8005 GNP
Head,,,,Hunter,,,Rotor I20 Ultra PC/FCC,Head - Hunter - Rotor I20 Ultra PC/FCC,,46.98,,Rotor I20 Ultra PC/FCC
Head,,,,,,,,Head,,109.76,,"Rotor 4"""
Head,,,,Hunter,,,Rotor i20,Head - Hunter - Rotor i20,,72.04,,Rotor i20 (Hunter)
Head,,,,Hunter,,,i25 SS W/CV Non-Pot,Head - Hunter - i25 SS W/CV Non-Pot,,256.98,,Rotor i25 SS W/CV Non-Pot (Hunter)
Head,,,,Hunter,,,"i25 Ultra 6""","Head - Hunter - i25 Ultra 6""",,176.88,,"Rotor i25 Ultra 6"" (Hunter)"
Head,,,,Hunter,,,i40 Ultra SOS,Head - Hunter - i40 Ultra SOS,,198.56,,Rotor i40 Ultra SOS
Irrigation Box,,,"6""",Carson,,,Round - w/ Lid,"Irrigation Box - 6"" - Carson - Round - w/ Lid",,24.95,,"6"" Carson RD Box w/ LID"
Irrigation Box,,,"6""",Carson,,,Standard Extension - Non-Pot,"Irrigation Box - 6"" - Carson - Standard Extension - Non-Pot",,212.95,,"6"" Carson Riser Box"
Irrigation Box,,,"6""",Highline,,,,"Irrigation Box - 6"" - Highline",,79.95,,"6"" Highline Valve Box"
Irrigation Box,,,"6""",Highline,,,Extension,"Irrigation Box - 6"" - Highline - Extension",,90.9,,
Irrigation Box,,,,Carson,,,Jumbo - Purple Lid,Irrigation Box - Carson - Jumbo - Purple Lid,,93.49,,
Irrigation Box,,,,NDS,,,STD Valve Box w/Cover,Irrigation Box - NDS - STD Valve Box w/Cover,,74.95,,NDS STD Valve Box w/Cover
Irrigation Box,,,"10""",,,,Round - Splice Box - Purple,"Irrigation Box - 10"" - Round - Splice Box - Purple",,36.95,,"10"" Round Purple Splice Box"
Irrigation Box,,,,Pentek,,,"Valve Box 10""","Irrigation Box - Pentek - Valve Box 10""",,41,,"Valve Box 10"" (Pentek)"
Irrigation Box,,,,Pentek,,,"Valve Box 10"" RD","Irrigation Box - Pentek - Valve Box 10"" RD",,41,,"Valve Box 10"" RD (Pentek)"
Irrigation Box,,,,,,,Valve Box JUMBO with Green Lid,Irrigation Box - Valve Box JUMBO with Green Lid,,145.84,,Valve Box JUMBO with Green Lid
Irrigation Box,,,,,,,Valve Box JUMBO with Purple Lid,Irrigation Box - Valve Box JUMBO with Purple Lid,,153.26,,Valve Box JUMBO with Purple Lid
Irrigation Box,,,,Pentek,,,Valve Box JUMBO Purple with Lid ,Irrigation Box - Pentek - Valve Box JUMBO Purple with Lid ,,115.33,,Valve Box JUMBO Purple with Lid (Pentek)
Irrigation Box,,,,Carson,,,Valve Box JUMBO with Lid,Irrigation Box - Carson - Valve Box JUMBO with Lid,,286.22,,Valve Box JUMBO with Lid (Carson)
Irrigation Box,,,,Pentek,,,Valve Box JUMBO,Irrigation Box - Pentek - Valve Box JUMBO,,106,,Valve Box JUMBO (Pentek)
Irrigation Box,,,,Pentek,,,Valve Box Standard,Irrigation Box - Pentek - Valve Box Standard,,58.36,,Valve Box Standard (Pentek)
Irrigation Box,,,,,,,Valve Box with Green Lid,Irrigation Box - Valve Box with Green Lid,,89.45,,Valve Box with Green Lid
Labor,,,,,,,,Labor,,115,,
Labor,,,,,,,,Labor,,80,,
Misc,,,"1.5""",,,,IPS DQ 150 DAUBER,"Misc - 1.5"" - IPS DQ 150 DAUBER",,5.95,,"1.5"" IPS DAUBER"
Misc,,,"1.5""",,,,Water Suction FXF CAM,"Misc - 1.5"" - Water Suction FXF CAM",,93.79,,"1.5"" Water Suction FXF CAM Hose"
Misc,,,"1""",,,,AC Key Lug Inlet,"Misc - 1"" - AC Key Lug Inlet",,154.8,,"1"" AC Key Lug Inlet (Hunter)"
Misc,,,"1""",,,,Meter Setter,"Misc - 1"" - Meter Setter",,549.95,,"730-4, PVxMTR Nut - 1"""
Misc,,,"1""",Rainbird,,,Valve Diaphram,"Misc - 1"" - Rainbird - Valve Diaphram",,109.95,,
Misc,,,"2""",,,,Hose Clamp,"Misc - 2"" - Hose Clamp",,2.95,,"2"" Hose Clamp"
Misc,,,"2""",Rainbird,,,Valve Diaphram,"Misc - 2"" - Rainbird - Valve Diaphram",,189.95,,
Misc,,,"3""",,,,Pipe-FTG Joint Restraint,"Misc - 3"" - Pipe-FTG Joint Restraint",,135.67,,"3"" Leemco Pipe-FTG Joint Restraint"
Misc,,,,,,,9V Battery,Misc - 9V Battery,,12.94,,9v Battery
Misc,,,".75""",,,Bonnet,,"Misc - .75"" - Bonnet",,59.95,,
Misc,,,".75""",,,Bonnet & Stem,,"Misc - .75"" - Bonnet & Stem",,49.95,,"EBON Bonnet & Stem 3/4"""
Misc,BRASS,,,,,,Drain Cap,Misc - BRASS - Drain Cap,,12.95,,
Misc,,,,,,,Bug Cap Plug,Misc - Bug Cap Plug,,0.93,,Bug Cap Plug
Misc,,,,,,,Combination Lock,Misc - Combination Lock,,19.95,,Combination Lock
Misc,,,,,,,DBR/Y Gel Kit,Misc - DBR/Y Gel Kit,,12.95,,Gel Wire Tube Nut to cover irrigation splices
Misc,,,,,,,DBR/Y Splice Kit,Misc - DBR/Y Splice Kit,,21.95,,
Misc,,,,,,,DC Latching Solenoid,Misc - DC Latching Solenoid,,261,,DC Latching Solenoid
Misc,,,,Hunter,,,DC Latching Solenoid,Misc - Hunter - DC Latching Solenoid,,100.8,,DC Latching Solenoid (Hunter)
Misc,,,,,,,Diaphragm Assembly,Misc - Diaphragm Assembly,,84.16,,Diaphragm Assembly
Misc,,,,,,,Diaphragm Assembly 200 PLEB\\POE,Misc - Diaphragm Assembly 200 PLEB\\POE,,119.73,,Diaphragm Assembly 200 PLEB\\POE
Misc,,,,EBON,,Bonnet & Stem,,Misc - EBON - Bonnet & Stem,,210,,"EBON Bonnet/Stem Assembly 1.5"""
Misc,,,"1.5""",EBON,,,Repair Kit,"Misc - 1.5"" - EBON - Repair Kit",,118.8,,"EBON Repair Kit 1.5"""
Misc,,,,,,,Electric Heater Tape,Misc - Electric Heater Tape,,49.95,0,Outdoor Electric Heater Chord
Misc,,,,Febco,,,"RUBBER VALVE KIT .75""-1.25""","Misc - Febco - RUBBER VALVE KIT .75""-1.25""",,116.24,,"FEBCO VLV RUB KIT .75""-1.25"""
Misc,,,,EBON,,,"Check Rubber 3/4""-1.25"" 825Y","Misc - EBON - Check Rubber 3/4""-1.25"" 825Y",,55.5,,"EBON Check Rubber 3/4""-1.25"" 825Y"
Misc,,,,EBON,,Bonnet & Poppet,Assembly Kit,Misc - EBON - Bonnet & Poppet - Assembly Kit,,63.2,,EBON Bonnet & Poppet Assay Kit
Misc,,,,,,,Frost Free,Misc - Frost Free,,99.95,,
Misc,,,,,,,Glue & Primer,Misc - Glue & Primer,,5.33,,Glue & Primer
Misc,,,,,,,Goof Plug,Misc - Goof Plug,,0.74,,Goof Plug
Misc,,,,,,,IPS GASKET LUBE,Misc - IPS GASKET LUBE,,12.95,,
Misc,,,,LEIT,,,Micro Power Solenoid,Misc - LEIT - Micro Power Solenoid,,274.33,,Micro Powered Solenoid (LEIT)
Misc,,,,,,,O-Ring,Misc - O-Ring,,4.95,,O ring for bleeder valve
Misc,,,,Rainbird,,,PEB Solenoid,Misc - Rainbird - PEB Solenoid,,145,,PEB Solenoid
Misc,,,"1""",,,,Pinch Clamp,"Misc - 1"" - Pinch Clamp",,0.99,,"Pinch Clamp 1"""
Misc,,,"1.5""",,,,Pinch Clamp,"Misc - 1.5"" - Pinch Clamp",,0.95,,
Misc,,,".5""",,,,Pinch Clamp,"Misc - .5"" - Pinch Clamp",,0.79,,"Pinch Clamp .5"""
Misc,,,".75""",,,,Pinch Clamp,"Misc - .75"" - Pinch Clamp",,0.89,,"Pinch Clamp .75"""
Misc,,,,,,,Primer,Misc - Primer,,68.99,,Primer 1 Quart
Misc,PVC,,,,,,PVC Cement - One Application,Misc - PVC - PVC Cement - One Application,,1.95,,PVC Cement - One Application
Misc,PVC,,,,,,PVC Cement,Misc - PVC - PVC Cement,,25,,PVC Cement
Misc,PVC,,,,,,Primer,Misc - PVC - Primer,,1.95,,PVC Primer - 1 Application
Misc,,,,,,,Quick Connect Coupler,Misc - Quick Connect Coupler,,187.95,,
Misc,,,,Rainbird,,,Solenoid,Misc - Rainbird - Solenoid,,54.95,,
Misc,,,,EBON,,,"Relief Valve Cover 1.5-2""","Misc - EBON - Relief Valve Cover 1.5-2""",,124.89,,"EBON Relief Valve Cover 1.5-2"" 825"
Misc,,,,,"6""",,Riser,"Misc - 6"" - Riser",,6.95,,"Riser 6"" x .75"
Misc,,,,,,,,Misc,,103,,Rubber Parts Kit
Misc,,,"1""",,,,Scrubber Valve Diaphragm,"Misc - 1"" - Scrubber Valve Diaphragm",,89.95,,"Scrubber Valve Diaphragm - 1"""
Misc,,,,,,,Scrubber Valve Solenoid,Misc - Scrubber Valve Solenoid,,65.87,,Scrubber Valve Solenoid
Misc,,,,Hunter,,,"Sensor - Wireless, Rain/Freeze","Misc - Hunter - Sensor - Wireless, Rain/Freeze",,345,,"Sensor - Wireless, Rain/Freeze (Hunter)"
Misc,,,,Hunter,,,Solenoid,Misc - Hunter - Solenoid,,28.72,,Solenoid (Hunter)
Misc,,,,Irritrol,,,Solenoid,Misc - Irritrol - Solenoid,,39.55,,Solenoid 24v (Irritrol)
Misc,,,,LEIT,,,Solenoid Adapter,Misc - LEIT - Solenoid Adapter,,19.67,,Solenoid Adapter (LEIT)
Misc,,,,,,,Solenoid Bushing,Misc - Solenoid Bushing,,8.95,,Solenoid Bushing
Misc,,,,Rainbird,,,Solenoid,Misc - Rainbird - Solenoid,,33.56,,Solenoid (RD)
Misc,,,,,,,Teflon Tape,Misc - Teflon Tape,,2.93,,Teflon Tape
Misc,,,,,,,Valve Box Covers,Misc - Valve Box Covers,,38.56,,Valve Box Covers
Misc,,,,EBON,,,"Rubber Kit 3/4"" - 1.25""","Misc - EBON - Rubber Kit 3/4"" - 1.25""",,189.78,,"EBON Valve Rubber Kit 3/4"" - 1.25"""
Misc,NETAFIM,,,,,,Water Meter,Misc - NETAFIM - Water Meter,,2490,,NETAFIM WATER METER 2WMR ER GAL 1/10 GPP
Misc,,,,Weathermatic,,,Solenoid,Misc - Weathermatic - Solenoid,,145,,Weathermatic Solenoid
Misc,,,,,,,Wire Nuts,Misc - Wire Nuts,,2.12,,Wire Nuts
Misc,,,,,,,Wire Nuts Waterproof,Misc - Wire Nuts Waterproof,,3.42,,Wire Nuts Waterproof
Module,,,,Rainbird,,,3 Station Module,Module - Rainbird - 3 Station Module,,96.53,,3 Station Module
Module,,,,Ranier,,,3 Station Module,Module - Ranier - 3 Station Module,,111.21,,3 Station Module (Rainier)
Module,,,,Ranier,,,6 Station Module,Module - Ranier - 6 Station Module,,200.34,,6 Station Module (Rainier)
Module,,,,Hunter,,,i-Core - 6 Station Module,Module - Hunter - i-Core - 6 Station Module,,216,,6 Station Module i-Core (Hunter)
Module,,,,,,,,Module,,1610.7,,Controller 2 Wire Module
Module,,,,Hunter,,,IC-600,Module - Hunter - IC-600,,247,,6 Station Module
Module,,,,Hunter,,,ADM-99 Decoder Output Module,Module - Hunter - ADM-99 Decoder Output Module,,1695,,Decoder Output Module
Module,,,,Hunter,,,ICC-2 - 8 Station,Module - Hunter - ICC-2 - 8 Station,,225,,8 Station Module
Module,,,,Rainbird,,,ESP LXME - 12 station,Module - Rainbird - ESP LXME - 12 station,,360,,Rainbird ESP Module 12 Zone
Nipple,PVC,,"1.5""",,"12""",,,"Nipple - PVC - 1.5"" - 12""",,8.25,,"1.5""X12"" PVC Nipple SCH 80"
Nipple,PVC,,"1.5""",,"4""",,,"Nipple - PVC - 1.5"" - 4""",,11.95,,"1.5"" X 4"" PVC Nipple"
Nipple,PVC,,"1""",,"12""",,,"Nipple - PVC - 1"" - 12""",,9.95,,"1""X12"" Nipple"
Nipple,PVC,,"1""",,"4""",,,"Nipple - PVC - 1"" - 4""",,7.95,,"1"" x 4"" PVC Nipple"
Nipple,BRASS,,,,,,,Nipple - BRASS,,49.95,,"Brass Nipple 1x6"""
Nipple,BRASS,,"2""",,"3""",,,"Nipple - BRASS - 2"" - 3""",,134.96,,
Nipple,BRASS,,"2""",,"4""",,,"Nipple - BRASS - 2"" - 4""",,181.3,,
Nipple,BRASS,,"2""",,"6""",,,"Nipple - BRASS - 2"" - 6""",,242.37,,
Nipple,PVC,,"1""",,"18""",,,"Nipple - PVC - 1"" - 18""",,12.95,,"1""X18"" Nipple"
Nipple,PVC,,"1""",,"2""",,,"Nipple - PVC - 1"" - 2""",,3.98,,"PVC Nipple 1"" x 2"""
Nipple,PVC,,"1""",,"3""",,,"Nipple - PVC - 1"" - 3""",,6.95,,"PVC 1"" X 3"" Nipple"
Nipple,PVC,,"2""",,"24""",,,"Nipple - PVC - 2"" - 24""",,24.95,,"PVC Nipple 2"" x 24"""
Nipple,PVC,,"2""",,"3""",,,"Nipple - PVC - 2"" - 3""",,11.56,,"PVC Nipple 2"" x 3"""
Nipple,PVC,,"2""",,"4""",,,"Nipple - PVC - 2"" - 4""",,12.56,,"PVC Nipple 2"" x 4"""
Nipple,PVC,,"2""",,"6""",,,"Nipple - PVC - 2"" - 6""",,13.56,,"PVC Nipple 2"" x 6"""
Nipple,PVC,,".5""",,"2""",,,"Nipple - PVC - .5"" - 2""",,3.85,,"PVC Nipple .5"" x 2"""
Nipple,PVC,,"1.5""",,"6""",,,"Nipple - PVC - 1.5"" - 6""",,12.56,,"PVC Nipple 6"" x 1.5"""
Nipple,PVC,,".75""",,"2""",,,"Nipple - PVC - .75"" - 2""",,3.45,,"PVC Nipple .75"" x 2"""
Nipple,PVC,,".75""",,"4""",,,"Nipple - PVC - .75"" - 4""",,4.98,,"PVC Nipple .75' x 4"""
Nozzle,,,,,,,DJ Micro 360,Nozzle - DJ Micro 360,,3.35,,DJ Micros 360
Nozzle,,,,,,,Drip Emitter,Nozzle - Drip Emitter,,0,,
Nozzle,,,,,,,I20 - Rotor,Nozzle - I20 - Rotor,,3.24,,i20 Rotor Nozzle
Nozzle,,,,,,,I25,Nozzle - I25,,2.45,,I25 Nozzle
Nozzle,,,,,,,MicroJet Assembly,Nozzle - MicroJet Assembly,,10.75,,Micro Jet Spray Assembly
Nozzle,,,,,,,MicroSpray - 180°,Nozzle - MicroSpray - 180°,,1.43,,MicroSpray 180*
Nozzle,,,,,,,MicroSpray - 90°,Nozzle - MicroSpray - 90°,,1.19,,MicroSpray 90*
Nozzle,,,,,,,MicroSpray Adjustable - 180°,Nozzle - MicroSpray Adjustable - 180°,,3.99,,MicroSpray Adj 180*
Nozzle,,,,,,,MicroSpray Adjustable - 360°,Nozzle - MicroSpray Adjustable - 360°,,2.47,,MicroSpray Drip Nozzle
Nozzle,,,,,,,MP - 3000 - Blue,Nozzle - MP - 3000 - Blue,,12.95,,MP Nozzle 3000
Nozzle,,,,,,,MP Rotor 360 Gray,Nozzle - MP Rotor 360 Gray,,19.36,,MP Rotor 360 Gray
Nozzle,,,,,,,10' Half,Nozzle - 10' Half,,3.98,,Nozzle 10' Half
Nozzle,,,,,,,15',Nozzle - 15',,4.25,,Nozzle 15'
Nozzle,,,,,,,15' Adjustable Spray,Nozzle - 15' Adjustable Spray,,4.25,,Nozzle 15' Ad Spray
Nozzle,,,,,,,Center Strip,Nozzle - Center Strip,,4.25,,Nozzle Center Strip
Nozzle,,,,,,,"Set 8', 10', 12' 15'","Nozzle - Set 8', 10', 12' 15'",,3.45,,"Set Nozzle 8', 10' 12' or 15'"
Nozzle,,,,Hunter,,,PGJ Rotor Nozzle,Nozzle - Hunter - PGJ Rotor Nozzle,,1.45,,PGJ Rotor Nozzle
Nozzle,,,,Hunter,,,PGP Rotor Nozzle,Nozzle - Hunter - PGP Rotor Nozzle,,3.45,,PGP Rotor Nozzle
Pipe,Non-Pot PVC,,"1""",,,,,"Pipe - Non-Pot PVC - 1""",,5.95,,"1"" Non Pot Pvc Pipe per foot"
Pipe,Non-Pot PVC,,"2""",,,,,"Pipe - Non-Pot PVC - 2""",,6.95,,"2"" non pot PVC pipe per foot"
Pipe,Non-Pot PVC,,"4""",,,,,"Pipe - Non-Pot PVC - 4""",,23.95,,"4"" PVC Non Potable per foot"
Pipe,PVC,,"4""",,,Slip Coupler,,"Pipe - PVC - 4"" - Slip Coupler",,28.95,,"4"" PVC Slip Coupler"
Pipe,PVC,,"8""",,,,,"Pipe - PVC - 8""",,21.95,,
Pipe,COPPER,,"1""",,,,,"Pipe - COPPER - 1""",,63,,"Copper Pipe 1"""
Pipe,COPPER,,".5""",,,,,"Pipe - COPPER - .5""",,4.95,,"Copper Pipe 1/2"""
Pipe,COPPER,,"1.5""",,,,,"Pipe - COPPER - 1.5""",,,0,
Pipe,COPPER,,"2""",,,,,"Pipe - COPPER - 2""",,,0,"2"" Copper Pipe"
Pipe,COPPER,,".75""",,,,,"Pipe - COPPER - .75""",,32.32,,"Copper Pipe .75"""
Pipe,COPPER,,".25""",,,,,"Pipe - COPPER - .25""",,26.26,,"Copper Tubing 1"""
Pipe,COPPER,,".75""",,,,,"Pipe - COPPER - .75""",,8.4,,"Copper Tubing .75"""
Pipe,DRIP,,,,,,Tubing,Pipe - DRIP - Tubing,,0.74,,"Drip Emitter Tubing .25"""
Pipe,NETAFIM,,STD,,,,,Pipe - NETAFIM - STD,,2.99,,Netafim Drip Piping (priced per foot)
Pipe,POLY,,"1""",,,,,"Pipe - POLY - 1""",,2.45,,"Poly Pipe NFL 100 lb. 1"""
Pipe,POLY,,"1.5""",,,,,"Pipe - POLY - 1.5""",,3.45,,"Poly Pipe 1.5"""
Pipe,POLY,,".5""",,,,,"Pipe - POLY - .5""",,1.89,,"Poly Pipe .5"""
Pipe,POLY,,".75""",,,,,"Pipe - POLY - .75""",,2.25,,"Poly Pipe .75"""
Pipe,Non-Pot POLY,,".75""",,,,,"Pipe - Non-Pot POLY - .75""",,7.95,,Not potable pipe per foot
Pipe,PVC,,"1""",,,,,"Pipe - PVC - 1""",,4.98,,"PVC Pipe 1"""
Pipe,PVC,,"1.25""",,,,,"Pipe - PVC - 1.25""",,5.87,,PVC Pipe 1.25
Pipe,PVC,,"1.5""",,,,,"Pipe - PVC - 1.5""",,6.45,,"PVC Pipe 1.5"""
Pipe,PVC,,"2""",,,,,"Pipe - PVC - 2""",,7.98,,"PVC Pipe 2"""
Pipe,PVC,,"3""",,,,,"Pipe - PVC - 3""",,16.67,,"PVC Pipe 3"""
Pipe,,,,,,,Swing Pipe,Pipe - Swing Pipe,,3.45,,Swing Pipe
Rental,,,,,,,Electric Water Pump Rental,Rental - Electric Water Pump Rental,,45,,
Rental,,,,,,,Milwaulkee Electric Pump Rental,Rental - Milwaulkee Electric Pump Rental,,89.95,,Milwaulkee Electric Pump Rental
Rental,,,,,,,Wire Locator,Rental - Wire Locator,,75,,Wire Locator
Service,BACKFLOW,,"1.5""",,,,,"Service - BACKFLOW - 1.5""",,150,,Backflow Certification
Service,BACKFLOW,,"1""",,,,,"Service - BACKFLOW - 1""",,175,,Backflow Certification
Service,BACKFLOW,,"2""",,,,,"Service - BACKFLOW - 2""",,125,,Backflow Certification
Service,,,,,,,Backflow Storage,Service - Backflow Storage,,75,,Winter Storage for Backflow
Valve,,,"12""",,,,Hose Bib,"Valve - 12"" - Hose Bib",,129.95,,"12"" Freeze Wall Hose Bib"
Valve,PVC,,"1.5""",,,,High Pressure (Grey),"Valve - PVC - 1.5"" - High Pressure (Grey)",,385.95,,"1.5"" Ball Valve Grey"
Valve,PVC,,"1""",,,,High Pressure (Grey),"Valve - PVC - 1"" - High Pressure (Grey)",,275.95,,"1"" Ball Valve Grey with Union"
Valve,,,"1""",Hunter,,,Drip Zone,"Valve - 1"" - Hunter - Drip Zone",,117.95,,1' Hunter Drip Zone Kit w/PGV 25 PSI REG
Valve,PVC,,"1""",Rainbird,,,PE,"Valve - PVC - 1"" - Rainbird - PE",,155.16,,
Valve,BRASS,,"2""",Aqualine,,Angle,,"Valve - BRASS - 2"" - Aqualine - Angle",,221.42,,
Valve,BRASS,,"2""",Rainbird,,,,"Valve - BRASS - 2"" - Rainbird",,495,,"2"" Brass Valve Rainbird EFB CP Brass"
Valve,,,"1.5""",,,Ball Valve,,"Valve - 1.5"" - Ball Valve",,136.34,,"EBON 1.5"" Ball Valve"
Valve,BRASS,,"1""",,,Ball Valve,,"Valve - BRASS - 1"" - Ball Valve",,117.25,,"Brass Ball Valve 1"""
Valve,BRASS,,"1""",,,Ball Valve,w/ Drain,"Valve - BRASS - 1"" - Ball Valve - w/ Drain",,134.95,,
Valve,BRASS,,"2""",,,Ball Valve,,"Valve - BRASS - 2"" - Ball Valve",,205.99,,Brass Ball Valve
Valve,BRASS,,".75""",,,Ball Valve,,"Valve - BRASS - .75"" - Ball Valve",,117.95,,
Valve,BRASS,,".75""",,,Ball Valve,,"Valve - BRASS - .75"" - Ball Valve",,49.95,,"Brass Ball Valve .75"""
Valve,BRASS,,"1.5""",Rainbird,,,EF,"Valve - BRASS - 1.5"" - Rainbird - EF",,245.89,,"1.5"" Rainbird Brass Valve"
Valve,,,"1.5""",,,Check Valve,Assembly,"Valve - 1.5"" - Check Valve - Assembly",,234,,"Check Assembly 1.5"""
Valve,,,".75""",,,Check Valve,Assembly,"Valve - .75"" - Check Valve - Assembly",,89.45,,"EBON Check Assay 3/4"" (825Y)"
Valve,,,"1""",,,,Drip Control Zone Kit,"Valve - 1"" - Drip Control Zone Kit",,134.63,,"Control Kit 1"""
Valve,COPPER,,".5""",,,Ball Valve,,"Valve - COPPER - .5"" - Ball Valve",,38.95,,"Copper Ball Valve 1/2"""
Valve,DRIP,,"1""",,,,,"Valve - DRIP - 1""",,329.95,,"Rainbird Drip Valve Kit 1"""
Valve,,,"1""",Hunter,,,Straight Valve w/FC,"Valve - 1"" - Hunter - Straight Valve w/FC",,230,,"Hunter 1"" Straight Valve w/FC, Filter Sentry"
Valve,,,"1""",Hunter,,,,"Valve - 1"" - Hunter",,198.95,,
Valve,PVC,,"2""",Irritrol,,,,"Valve - PVC - 2"" - Irritrol",,253.95,,"Irritrol 2"" Plastic Straight Valve"
Valve,PVC,,"1.5""",Irritrol,,,,"Valve - PVC - 1.5"" - Irritrol",,279.45,,"1.5"" w/FC"
Valve,PVC,,,,,,,Valve - PVC,,99.95,,"PVC 1.5"" COMPACT 2000 235 psi"
Valve,PVC,,"1""",,,Ball Valve,,"Valve - PVC - 1"" - Ball Valve",,70.28,,"PVC Ball Valve 1"""
Valve,PVC,,"2""",,,Ball Valve,,"Valve - PVC - 2"" - Ball Valve",,94.21,,"PVC Ball Valve 2"""
Valve,,,"1.5""",Rainbird,,,PEB,"Valve - 1.5"" - Rainbird - PEB",,229,,"Rainbird 1.5"" PEB Valve"
Valve,,,"1""",Rainbird,,,PEB,"Valve - 1"" - Rainbird - PEB",,179,,"Rainbird 1"" PEB Valve"
Valve,,,"1""",Rainbird,,,PGA Series STR/ANG Valve,"Valve - 1"" - Rainbird - PGA Series STR/ANG Valve",,47.55,,
Valve,,,"1""",,,,Scrubber,"Valve - 1"" - Scrubber",,325,,"Scrubber Valve 1"""
Valve,,,"1.5""",,,,Scrubber,"Valve - 1.5"" - Scrubber",,255,,"Scrubber Valve 1.5"""
Valve,,,"2""",,,,Scrubber,"Valve - 2"" - Scrubber",,378,,"Scrubber Valve 2"""
Valve,,,".75""",,,,Shutoff Valve,"Valve - .75"" - Shutoff Valve",,39.95,,
Valve,BRASS,,"1.5""",,,,Stop & Waste,"Valve - BRASS - 1.5"" - Stop & Waste",,489.95,0,"Stop & Waste 1.5"" - Brass"
Valve,BRASS,,"2""",,,,Stop & Waste,"Valve - BRASS - 2"" - Stop & Waste",,795.95,0,"Stop & Waste 2"""
Valve,BRASS,,"1""",,,,Stop & Waste,"Valve - BRASS - 1"" - Stop & Waste",,380,,"Stop & Waste - 1"""
Valve,BRASS,,".75""",,,,Stop & Waste,"Valve - BRASS - .75"" - Stop & Waste",,234.76,,"Stop & Waste Valve .75"""
Valve,PVC,,"1.5""",,,,Regular Pressure (White),"Valve - PVC - 1.5"" - Regular Pressure (White)",,268.46,,"Straight Valve 1.5"" Plastic with NW-FCC"
Valve,PVC,,"1""",,,,Regular Pressure (White),"Valve - PVC - 1"" - Regular Pressure (White)",,167.33,,"Straight Valve 1"" Plastic"
Valve,PVC,,"1""",,,,High Pressure (Grey),"Valve - PVC - 1"" - High Pressure (Grey)",,324.78,,"Straight Valve 1"" Gray with NW/FCC"
Valve,PVC,,".75""",,,,Regular Pressure (White),"Valve - PVC - .75"" - Regular Pressure (White)",,54.88,,"Straight Valve .75"" Plastic"
Valve,,,"1.5""",Rainbird,,,POE,"Valve - 1.5"" - Rainbird - POE",,232.71,,"Valve 1.5"" Plastic"
Valve,,,"1""",Rainbird,,,POE,"Valve - 1"" - Rainbird - POE",,245.59,,"Valve 1"" Plastic POE"
Valve,,,,Hunter,,,,Valve - Hunter,,54.26,,"Valve 1"" Plastic Straight (Hunter)"
Valve,,,,Matco,,,,Valve - Matco,,1006.89,,"Valve 3"" Gate with/ Gasket (Matco)"
Valve,,,"1""",Weathermatic,,,,"Valve - 1"" - Weathermatic",,78,,Weathermatic 1' Gray Valve
Valve,,,"1.5""",Weathermatic,,,,"Valve - 1.5"" - Weathermatic",,229.38,,"Weathermatic 1.5"" Valve W/FC"
Wire,,,,,,,14 GUAGE,Wire - 14 GUAGE,,1.79,,14 gauge wire per foot
Wire,,,,,,,2 Wire strand - 14 Guage,Wire - 2 Wire strand - 14 Guage,,4.95,,2 Wire System Strand Wire
Wire,,,,,,,18 Guage,Wire - 18 Guage,,2.5,,Irrigation Wire 18 Gauge
Wire,,,,,,,4 strand - 14 guage,Wire - 4 strand - 14 guage,,57.6,,Irrigation Wire 4 Strand
Wire,,,,Romex,,,14 Gauge,Wire - Romex - 14 Gauge,,,,14 gauge - 2 wire
,,,,,,,,"6"" Spray 40 psi GREG NW/CAVE",,36.68,,"6"" Spray 40psi GREG NW/CAVE gray cap (Hunter)"
,,,,,,,,".75"" FIPXINS ADAPTER",,18.6,,.75 FIPXPINS ADAPTER
,,,,,,,,Backlog Textcock Valve,,28.85,,Backlog Textcock Valve
,,,,,,,,"Repair Kit 1""",,145,,"Repair Kit 1"""
,,,,,,,,"Repair Kit .75""",,145,,"Repair Kit .75"""